time,metric,value
2021-11-03 08:17:32.110,mem,227503077.0
2021-11-03 08:17:32.110,cpu,31.04
2021-11-03 08:17:33.467,mem,227503226.0
2021-11-03 08:17:33.467,cpu,32.11
2021-11-03 08:17:34.824,mem,227492643.0
2021-11-03 08:17:34.824,cpu,31.11
2021-11-03 08:17:36.181,mem,227491353.0
2021-11-03 08:17:36.181,cpu,30.44
2021-11-03 08:17:37.538,mem,227506786.0
2021-11-03 08:17:37.538,cpu,30.87
2021-11-03 08:17:38.895,mem,227527571.0
2021-11-03 08:17:38.895,cpu,31.7
2021-11-03 08:17:40.252,mem,227528754.0
2021-11-03 08:17:40.252,cpu,32.36
2021-11-03 08:17:41.609,cpu,33.09
2021-11-03 08:17:41.609,mem,227527638.0
2021-11-03 08:17:42.966,cpu,33.11
2021-11-03 08:17:42.966,mem,227519779.0
2021-11-03 08:17:44.323,cpu,34.82
2021-11-03 08:17:44.323,mem,227516506.0
2021-11-03 08:17:45.680,cpu,34.02
2021-11-03 08:17:45.680,mem,227496376.0
2021-11-03 08:17:47.037,mem,227515734.0
2021-11-03 08:17:47.037,cpu,34.14
2021-11-03 08:17:48.394,mem,227516367.0
2021-11-03 08:17:48.394,cpu,33.06
2021-11-03 08:17:49.751,mem,227534445.0
2021-11-03 08:17:49.751,cpu,31.06
2021-11-03 08:17:51.108,mem,227535366.0
2021-11-03 08:17:51.108,cpu,31.42
2021-11-03 08:17:52.465,cpu,29.95
2021-11-03 08:17:52.465,mem,227527709.0
2021-11-03 08:17:53.822,mem,227540418.0
2021-11-03 08:17:53.822,cpu,30.41
2021-11-03 08:17:55.179,cpu,32.1
2021-11-03 08:17:55.179,mem,227544566.0
2021-11-03 08:17:56.536,mem,227531507.0
2021-11-03 08:17:56.536,cpu,31.25
2021-11-03 08:17:57.893,cpu,31.44
2021-11-03 08:17:57.893,mem,227535755.0
2021-11-03 08:17:59.250,mem,227528373.0
2021-11-03 08:17:59.250,cpu,32.01
2021-11-03 08:18:00.607,mem,227542631.0
2021-11-03 08:18:00.607,cpu,31.75
2021-11-03 08:18:01.964,mem,227532939.0
2021-11-03 08:18:01.964,cpu,31.26
2021-11-03 08:18:03.321,cpu,30.36
2021-11-03 08:18:03.321,mem,227550863.0
2021-11-03 08:18:04.678,cpu,29.92
2021-11-03 08:18:04.678,mem,227541625.0
2021-11-03 08:18:06.035,cpu,31.55
2021-11-03 08:18:06.035,mem,227535723.0
2021-11-03 08:18:07.392,mem,227554115.0
2021-11-03 08:18:07.392,cpu,30.55
2021-11-03 08:18:08.749,mem,227548684.0
2021-11-03 08:18:08.749,cpu,32.47
2021-11-03 08:18:10.106,mem,227554134.0
2021-11-03 08:18:10.106,cpu,32.36
2021-11-03 08:18:11.463,cpu,33.66
2021-11-03 08:18:11.463,mem,227574030.0
2021-11-03 08:18:12.820,cpu,33.37
2021-11-03 08:18:12.820,mem,227566091.0
2021-11-03 08:18:14.177,mem,227565945.0
2021-11-03 08:18:14.177,cpu,34.04
2021-11-03 08:18:15.534,cpu,34.09
2021-11-03 08:18:15.534,mem,227574550.0
2021-11-03 08:18:16.891,mem,227596587.0
2021-11-03 08:18:16.891,cpu,33.99
2021-11-03 08:18:18.248,mem,227580834.0
2021-11-03 08:18:18.248,cpu,33.11
2021-11-03 08:18:19.605,mem,227566309.0
2021-11-03 08:18:19.605,cpu,31.57
2021-11-03 08:18:20.962,cpu,29.94
2021-11-03 08:18:20.962,mem,227581317.0
2021-11-03 08:18:22.319,mem,227602977.0
2021-11-03 08:18:22.319,cpu,29.67
2021-11-03 08:18:23.676,mem,227599403.0
2021-11-03 08:18:23.676,cpu,29.07
2021-11-03 08:18:25.033,mem,227602354.0
2021-11-03 08:18:25.033,cpu,28.23
2021-11-03 08:18:26.390,mem,227590201.0
2021-11-03 08:18:26.390,cpu,29.01
2021-11-03 08:18:27.747,cpu,27.37
2021-11-03 08:18:27.747,mem,227592340.0
2021-11-03 08:18:29.104,cpu,26.88
2021-11-03 08:18:29.104,mem,227596017.0
2021-11-03 08:18:30.461,mem,227592673.0
2021-11-03 08:18:30.461,cpu,25.67
2021-11-03 08:18:31.818,cpu,24.41
2021-11-03 08:18:31.818,mem,227595398.0
2021-11-03 08:18:33.175,mem,227586422.0
2021-11-03 08:18:33.175,cpu,27.21
2021-11-03 08:18:34.532,mem,227588824.0
2021-11-03 08:18:34.532,cpu,28.2
2021-11-03 08:18:35.889,mem,227584200.0
2021-11-03 08:18:35.889,cpu,29.14
2021-11-03 08:18:37.246,cpu,28.01
2021-11-03 08:18:37.246,mem,227566544.0
2021-11-03 08:18:38.603,cpu,27.58
2021-11-03 08:18:38.603,mem,227560885.0
2021-11-03 08:18:39.960,cpu,29.31
2021-11-03 08:18:39.960,mem,227553924.0
2021-11-03 08:18:41.317,mem,227553178.0
2021-11-03 08:18:41.317,cpu,29.46
2021-11-03 08:18:42.674,cpu,28.57
2021-11-03 08:18:42.674,mem,227555977.0
2021-11-03 08:18:44.031,mem,227540817.0
2021-11-03 08:18:44.031,cpu,26.4
2021-11-03 08:18:45.388,mem,227549841.0
2021-11-03 08:18:45.388,cpu,26.88
2021-11-03 08:18:46.745,cpu,24.29
2021-11-03 08:18:46.745,mem,227536800.0
2021-11-03 08:18:48.102,mem,227539624.0
2021-11-03 08:18:48.102,cpu,23.27
2021-11-03 08:18:49.459,cpu,22.16
2021-11-03 08:18:49.459,mem,227554774.0
2021-11-03 08:18:50.816,mem,227544083.0
2021-11-03 08:18:50.816,cpu,21.67
2021-11-03 08:18:52.173,mem,227544188.0
2021-11-03 08:18:52.173,cpu,23.23
2021-11-03 08:18:53.530,mem,227536529.0
2021-11-03 08:18:53.530,cpu,21.85
2021-11-03 08:18:54.887,cpu,21.01
2021-11-03 08:18:54.887,mem,227530076.0
2021-11-03 08:18:56.244,mem,227548447.0
2021-11-03 08:18:56.244,cpu,19.72
2021-11-03 08:18:57.601,mem,227550499.0
2021-11-03 08:18:57.601,cpu,19.75
2021-11-03 08:18:58.958,mem,227549044.0
2021-11-03 08:18:58.958,cpu,18.29
2021-11-03 08:19:00.315,mem,227532258.0
2021-11-03 08:19:00.315,cpu,17.91
2021-11-03 08:19:01.672,mem,227517240.0
2021-11-03 08:19:01.672,cpu,17.33
2021-11-03 08:19:03.029,cpu,19.81
2021-11-03 08:19:03.029,mem,227530502.0
2021-11-03 08:19:04.386,mem,227515917.0
2021-11-03 08:19:04.386,cpu,19.5
2021-11-03 08:19:05.743,mem,227510924.0
2021-11-03 08:19:05.743,cpu,19.45
2021-11-03 08:19:07.100,mem,227531717.0
2021-11-03 08:19:07.100,cpu,19.18
2021-11-03 08:19:08.457,mem,227529677.0
2021-11-03 08:19:08.457,cpu,19.56
2021-11-03 08:19:09.814,mem,227541146.0
2021-11-03 08:19:09.814,cpu,19.03
2021-11-03 08:19:11.171,cpu,18.89
2021-11-03 08:19:11.171,mem,227546365.0
2021-11-03 08:19:12.528,mem,227540328.0
2021-11-03 08:19:12.528,cpu,18.98
2021-11-03 08:19:13.885,cpu,18.98
2021-11-03 08:19:13.885,mem,227551318.0
2021-11-03 08:19:15.242,mem,227537949.0
2021-11-03 08:19:15.242,cpu,19.95
2021-11-03 08:19:16.599,cpu,18.2
2021-11-03 08:19:16.599,mem,227542748.0
2021-11-03 08:19:17.956,mem,227566664.0
2021-11-03 08:19:17.956,cpu,19.6
2021-11-03 08:19:19.313,mem,227580111.0
2021-11-03 08:19:19.313,cpu,20.16
2021-11-03 08:19:20.670,cpu,20.25
2021-11-03 08:19:20.670,mem,227565788.0
2021-11-03 08:19:22.027,cpu,19.4
2021-11-03 08:19:22.027,mem,227555958.0
2021-11-03 08:19:23.384,mem,227555418.0
2021-11-03 08:19:23.384,cpu,18.85
2021-11-03 08:19:24.741,mem,227561617.0
2021-11-03 08:19:24.741,cpu,19.81
2021-11-03 08:19:26.098,mem,227569923.0
2021-11-03 08:19:26.098,cpu,20.07
2021-11-03 08:19:27.455,mem,227564401.0
2021-11-03 08:19:27.455,cpu,18.65
2021-11-03 08:19:28.812,cpu,18.35
2021-11-03 08:19:28.812,mem,227570195.0
2021-11-03 08:19:30.169,cpu,21.09
2021-11-03 08:19:30.169,mem,227582861.0
2021-11-03 08:19:31.526,cpu,20.79
2021-11-03 08:19:31.526,mem,227576361.0
2021-11-03 08:19:32.883,cpu,20.36
2021-11-03 08:19:32.883,mem,227580124.0
2021-11-03 08:19:34.240,mem,227605144.0
2021-11-03 08:19:34.240,cpu,21.43
2021-11-03 08:19:35.597,cpu,22.3
2021-11-03 08:19:35.597,mem,227608594.0
2021-11-03 08:19:36.954,cpu,21.03
2021-11-03 08:19:36.954,mem,227607575.0
2021-11-03 08:19:38.311,cpu,19.86
2021-11-03 08:19:38.311,mem,227612857.0
2021-11-03 08:19:39.668,cpu,19.81
2021-11-03 08:19:39.668,mem,227614102.0
2021-11-03 08:19:41.025,cpu,19.68
2021-11-03 08:19:41.025,mem,227617554.0
2021-11-03 08:19:42.382,cpu,20.04
2021-11-03 08:19:42.382,mem,227614844.0
2021-11-03 08:19:43.739,mem,227608859.0
2021-11-03 08:19:43.739,cpu,20.01
2021-11-03 08:19:45.096,mem,227598709.0
2021-11-03 08:19:45.096,cpu,20.48
2021-11-03 08:19:46.453,mem,227601317.0
2021-11-03 08:19:46.453,cpu,21.61
2021-11-03 08:19:47.810,mem,227582964.0
2021-11-03 08:19:47.810,cpu,19.16
2021-11-03 08:19:49.167,mem,227574630.0
2021-11-03 08:19:49.167,cpu,18.84
2021-11-03 08:19:50.524,mem,227577173.0
2021-11-03 08:19:50.524,cpu,20.35
2021-11-03 08:19:51.881,mem,227561609.0
2021-11-03 08:19:51.881,cpu,19.3
2021-11-03 08:19:53.238,mem,227560919.0
2021-11-03 08:19:53.238,cpu,19.12
2021-11-03 08:19:54.595,mem,227571729.0
2021-11-03 08:19:54.595,cpu,18.52
2021-11-03 08:19:55.952,mem,227589518.0
2021-11-03 08:19:55.952,cpu,20.08
2021-11-03 08:19:57.309,mem,227606821.0
2021-11-03 08:19:57.309,cpu,19.31
2021-11-03 08:19:58.666,mem,227625631.0
2021-11-03 08:19:58.666,cpu,18.89
2021-11-03 08:20:00.023,mem,227622987.0
2021-11-03 08:20:00.023,cpu,20.02
2021-11-03 08:20:01.380,mem,227627533.0
2021-11-03 08:20:01.380,cpu,19.87
2021-11-03 08:20:02.737,mem,227628190.0
2021-11-03 08:20:02.737,cpu,19.92
2021-11-03 08:20:04.094,mem,227642423.0
2021-11-03 08:20:04.094,cpu,19.76
2021-11-03 08:20:05.451,mem,227658254.0
2021-11-03 08:20:05.451,cpu,20.02
2021-11-03 08:20:06.808,mem,227649326.0
2021-11-03 08:20:06.808,cpu,20.0
2021-11-03 08:20:08.165,mem,227653964.0
2021-11-03 08:20:08.165,cpu,20.03
2021-11-03 08:20:09.522,mem,227657517.0
2021-11-03 08:20:09.522,cpu,19.48
2021-11-03 08:20:10.879,mem,227639681.0
2021-11-03 08:20:10.879,cpu,19.85
2021-11-03 08:20:12.236,mem,227642550.0
2021-11-03 08:20:12.236,cpu,21.31
2021-11-03 08:20:13.593,mem,227642385.0
2021-11-03 08:20:13.593,cpu,21.34
2021-11-03 08:20:14.950,mem,227637599.0
2021-11-03 08:20:14.950,cpu,22.57
2021-11-03 08:20:16.307,mem,227641337.0
2021-11-03 08:20:16.307,cpu,21.01
2021-11-03 08:20:17.664,mem,227647324.0
2021-11-03 08:20:17.664,cpu,23.11
2021-11-03 08:20:19.021,mem,227654750.0
2021-11-03 08:20:19.021,cpu,23.51
2021-11-03 08:20:20.378,mem,227647191.0
2021-11-03 08:20:20.378,cpu,23.95
2021-11-03 08:20:21.735,cpu,23.9
2021-11-03 08:20:21.735,mem,227633208.0
2021-11-03 08:20:23.092,cpu,24.0
2021-11-03 08:20:23.092,mem,227624226.0
2021-11-03 08:20:24.449,cpu,23.59
2021-11-03 08:20:24.449,mem,227637181.0
2021-11-03 08:20:25.806,cpu,22.18
2021-11-03 08:20:25.806,mem,227647941.0
2021-11-03 08:20:27.163,cpu,23.47
2021-11-03 08:20:27.163,mem,227633775.0
2021-11-03 08:20:28.520,cpu,23.91
2021-11-03 08:20:28.520,mem,227627841.0
2021-11-03 08:20:29.877,cpu,24.9
2021-11-03 08:20:29.877,mem,227610291.0
2021-11-03 08:20:31.234,mem,227610297.0
2021-11-03 08:20:31.234,cpu,24.24
2021-11-03 08:20:32.591,mem,227627247.0
2021-11-03 08:20:32.591,cpu,23.11
2021-11-03 08:20:33.948,mem,227640113.0
2021-11-03 08:20:33.948,cpu,23.28
2021-11-03 08:20:35.305,mem,227624752.0
2021-11-03 08:20:35.305,cpu,23.48
2021-11-03 08:20:36.662,mem,227629897.0
2021-11-03 08:20:36.662,cpu,23.75
2021-11-03 08:20:38.019,cpu,24.51
2021-11-03 08:20:38.019,mem,227605904.0
2021-11-03 08:20:39.376,cpu,22.83
2021-11-03 08:20:39.376,mem,227586455.0
2021-11-03 08:20:40.733,cpu,22.31
2021-11-03 08:20:40.733,mem,227577915.0
2021-11-03 08:20:42.090,mem,227578886.0
2021-11-03 08:20:42.090,cpu,22.15
2021-11-03 08:20:43.447,mem,227570533.0
2021-11-03 08:20:43.447,cpu,21.88
2021-11-03 08:20:44.804,cpu,20.38
2021-11-03 08:20:44.804,mem,227576794.0
2021-11-03 08:20:46.161,cpu,20.62
2021-11-03 08:20:46.161,mem,227592841.0
2021-11-03 08:20:47.518,mem,227591464.0
2021-11-03 08:20:47.518,cpu,22.02
2021-11-03 08:20:48.875,mem,227593450.0
2021-11-03 08:20:48.875,cpu,21.66
2021-11-03 08:20:50.232,cpu,22.28
2021-11-03 08:20:50.232,mem,227595356.0
2021-11-03 08:20:51.589,cpu,20.97
2021-11-03 08:20:51.589,mem,227577431.0
2021-11-03 08:20:52.946,mem,227578531.0
2021-11-03 08:20:52.946,cpu,20.66
2021-11-03 08:20:54.303,cpu,19.85
2021-11-03 08:20:54.303,mem,227572503.0
2021-11-03 08:20:55.660,mem,227579308.0
2021-11-03 08:20:55.660,cpu,20.0
2021-11-03 08:20:57.017,cpu,19.24
2021-11-03 08:20:57.017,mem,227585176.0
2021-11-03 08:20:58.374,mem,227578605.0
2021-11-03 08:20:58.374,cpu,16.94
2021-11-03 08:20:59.731,mem,227567157.0
2021-11-03 08:20:59.731,cpu,15.34
2021-11-03 08:21:01.088,mem,227588353.0
2021-11-03 08:21:01.088,cpu,15.41
2021-11-03 08:21:02.445,cpu,16.73
2021-11-03 08:21:02.445,mem,227603677.0
2021-11-03 08:21:03.802,cpu,16.29
2021-11-03 08:21:03.802,mem,227619562.0
2021-11-03 08:21:05.159,cpu,15.47
2021-11-03 08:21:05.159,mem,227620226.0
2021-11-03 08:21:06.516,mem,227611715.0
2021-11-03 08:21:06.516,cpu,16.06
2021-11-03 08:21:07.873,mem,227624787.0
2021-11-03 08:21:07.873,cpu,15.23
2021-11-03 08:21:09.230,mem,227609068.0
2021-11-03 08:21:09.230,cpu,13.93
2021-11-03 08:21:10.587,mem,227614008.0
2021-11-03 08:21:10.587,cpu,14.78
2021-11-03 08:21:11.944,cpu,14.7
2021-11-03 08:21:11.944,mem,227614057.0
2021-11-03 08:21:13.301,cpu,13.92
2021-11-03 08:21:13.301,mem,227623342.0
2021-11-03 08:21:14.658,cpu,15.71
2021-11-03 08:21:14.658,mem,227613323.0
2021-11-03 08:21:16.015,cpu,14.23
2021-11-03 08:21:16.015,mem,227625102.0
2021-11-03 08:21:17.372,cpu,14.75
2021-11-03 08:21:17.372,mem,227617385.0
2021-11-03 08:21:18.729,cpu,15.76
2021-11-03 08:21:18.729,mem,227609579.0
2021-11-03 08:21:20.086,cpu,17.04
2021-11-03 08:21:20.086,mem,227609094.0
2021-11-03 08:21:21.443,mem,227631284.0
2021-11-03 08:21:21.443,cpu,17.94
2021-11-03 08:21:22.800,mem,227650279.0
2021-11-03 08:21:22.800,cpu,18.09
2021-11-03 08:21:24.157,mem,227644892.0
2021-11-03 08:21:24.157,cpu,17.79
2021-11-03 08:21:25.514,cpu,17.44
2021-11-03 08:21:25.514,mem,227642013.0
2021-11-03 08:21:26.871,mem,227643010.0
2021-11-03 08:21:26.871,cpu,16.29
2021-11-03 08:21:28.228,cpu,15.65
2021-11-03 08:21:28.228,mem,227629021.0
2021-11-03 08:21:29.585,mem,227617432.0
2021-11-03 08:21:29.585,cpu,14.46
2021-11-03 08:21:30.942,mem,227632938.0
2021-11-03 08:21:30.942,cpu,13.76
2021-11-03 08:21:32.299,cpu,12.39
2021-11-03 08:21:32.299,mem,227623528.0
2021-11-03 08:21:33.656,mem,227639175.0
2021-11-03 08:21:33.656,cpu,11.69
2021-11-03 08:21:35.013,mem,227633421.0
2021-11-03 08:21:35.013,cpu,10.87
2021-11-03 08:21:36.370,cpu,10.94
2021-11-03 08:21:36.370,mem,227638413.0
2021-11-03 08:21:37.727,mem,227627223.0
2021-11-03 08:21:37.727,cpu,10.35
2021-11-03 08:21:39.084,cpu,10.49
2021-11-03 08:21:39.084,mem,227598896.0
2021-11-03 08:21:40.441,mem,227605024.0
2021-11-03 08:21:40.441,cpu,11.48
2021-11-03 08:21:41.798,mem,227616867.0
2021-11-03 08:21:41.798,cpu,9.93
2021-11-03 08:21:43.155,cpu,8.77
2021-11-03 08:21:43.155,mem,227609514.0
2021-11-03 08:21:44.512,mem,227610182.0
2021-11-03 08:21:44.512,cpu,8.32
2021-11-03 08:21:45.869,mem,227601114.0
2021-11-03 08:21:45.869,cpu,6.48
2021-11-03 08:21:47.226,cpu,5.34
2021-11-03 08:21:47.226,mem,227609945.0
2021-11-03 08:21:48.583,mem,227612591.0
2021-11-03 08:21:48.583,cpu,6.27
2021-11-03 08:21:49.940,cpu,7.01
2021-11-03 08:21:49.940,mem,227614942.0
2021-11-03 08:21:51.297,mem,227612474.0
2021-11-03 08:21:51.297,cpu,6.44
2021-11-03 08:21:52.654,mem,227625277.0
2021-11-03 08:21:52.654,cpu,6.95
2021-11-03 08:21:54.011,mem,227617246.0
2021-11-03 08:21:54.011,cpu,8.87
2021-11-03 08:21:55.368,mem,227604083.0
2021-11-03 08:21:55.368,cpu,9.12
2021-11-03 08:21:56.725,mem,227598713.0
2021-11-03 08:21:56.725,cpu,9.46
2021-11-03 08:21:58.082,mem,227606749.0
2021-11-03 08:21:58.082,cpu,8.7
2021-11-03 08:21:59.439,mem,227615290.0
2021-11-03 08:21:59.439,cpu,7.85
2021-11-03 08:22:00.796,cpu,9.31
2021-11-03 08:22:00.796,mem,227612698.0
2021-11-03 08:22:02.153,mem,227616489.0
2021-11-03 08:22:02.153,cpu,8.62
2021-11-03 08:22:03.510,cpu,10.32
2021-11-03 08:22:03.510,mem,227614835.0
2021-11-03 08:22:04.867,mem,227627823.0
2021-11-03 08:22:04.867,cpu,10.06
2021-11-03 08:22:06.224,cpu,9.6
2021-11-03 08:22:06.224,mem,227621946.0
2021-11-03 08:22:07.581,mem,227633197.0
2021-11-03 08:22:07.581,cpu,9.92
2021-11-03 08:22:08.938,mem,227650232.0
2021-11-03 08:22:08.938,cpu,9.26
2021-11-03 08:22:10.295,mem,227646313.0
2021-11-03 08:22:10.295,cpu,10.57
2021-11-03 08:22:11.652,cpu,11.36
2021-11-03 08:22:11.652,mem,227661158.0
2021-11-03 08:22:13.009,cpu,11.73
2021-11-03 08:22:13.009,mem,227675260.0
2021-11-03 08:22:14.366,cpu,11.11
2021-11-03 08:22:14.366,mem,227652381.0
2021-11-03 08:22:15.723,mem,227656999.0
2021-11-03 08:22:15.723,cpu,10.34
2021-11-03 08:22:17.080,mem,227676950.0
2021-11-03 08:22:17.080,cpu,11.44
2021-11-03 08:22:18.437,mem,227681785.0
2021-11-03 08:22:18.437,cpu,10.71
2021-11-03 08:22:19.794,cpu,10.46
2021-11-03 08:22:19.794,mem,227683770.0
2021-11-03 08:22:21.151,mem,227671994.0
2021-11-03 08:22:21.151,cpu,10.87
2021-11-03 08:22:22.508,mem,227657756.0
2021-11-03 08:22:22.508,cpu,10.47
2021-11-03 08:22:23.865,cpu,10.28
2021-11-03 08:22:23.865,mem,227676485.0
2021-11-03 08:22:25.222,cpu,10.17
2021-11-03 08:22:25.222,mem,227673874.0
2021-11-03 08:22:26.579,mem,227657102.0
2021-11-03 08:22:26.579,cpu,9.53
2021-11-03 08:22:27.936,cpu,9.71
2021-11-03 08:22:27.936,mem,227653685.0
2021-11-03 08:22:29.293,mem,227653882.0
2021-11-03 08:22:29.293,cpu,9.62
2021-11-03 08:22:30.650,cpu,9.09
2021-11-03 08:22:30.650,mem,227652384.0
2021-11-03 08:22:32.007,mem,227654879.0
2021-11-03 08:22:32.007,cpu,10.65
2021-11-03 08:22:33.364,mem,227653760.0
2021-11-03 08:22:33.364,cpu,11.31
2021-11-03 08:22:34.721,cpu,13.3
2021-11-03 08:22:34.721,mem,227656737.0
2021-11-03 08:22:36.078,cpu,11.94
2021-11-03 08:22:36.078,mem,227653049.0
2021-11-03 08:22:37.435,cpu,10.26
2021-11-03 08:22:37.435,mem,227668788.0
2021-11-03 08:22:38.792,cpu,9.62
2021-11-03 08:22:38.792,mem,227657460.0
2021-11-03 08:22:40.149,cpu,9.47
2021-11-03 08:22:40.149,mem,227658757.0
2021-11-03 08:22:41.506,cpu,8.5
2021-11-03 08:22:41.506,mem,227670746.0
2021-11-03 08:22:42.863,mem,227653859.0
2021-11-03 08:22:42.863,cpu,7.84
2021-11-03 08:22:44.220,cpu,6.13
2021-11-03 08:22:44.220,mem,227656187.0
2021-11-03 08:22:45.577,cpu,6.07
2021-11-03 08:22:45.577,mem,227668496.0
2021-11-03 08:22:46.934,cpu,7.16
2021-11-03 08:22:46.934,mem,227673983.0
2021-11-03 08:22:48.291,cpu,6.24
2021-11-03 08:22:48.291,mem,227680622.0
2021-11-03 08:22:49.648,cpu,7.9
2021-11-03 08:22:49.648,mem,227681136.0
2021-11-03 08:22:51.005,cpu,9.49
2021-11-03 08:22:51.005,mem,227679355.0
2021-11-03 08:22:52.362,cpu,9.74
2021-11-03 08:22:52.362,mem,227685363.0
2021-11-03 08:22:53.719,cpu,8.59
2021-11-03 08:22:53.719,mem,227684127.0
2021-11-03 08:22:55.076,cpu,9.02
2021-11-03 08:22:55.076,mem,227701912.0
2021-11-03 08:22:56.433,cpu,7.99
2021-11-03 08:22:56.433,mem,227705001.0
2021-11-03 08:22:57.790,cpu,7.85
2021-11-03 08:22:57.790,mem,227703929.0
2021-11-03 08:22:59.147,cpu,7.66
2021-11-03 08:22:59.147,mem,227695231.0
2021-11-03 08:23:00.504,cpu,7.84
2021-11-03 08:23:00.504,mem,227686259.0
2021-11-03 08:23:01.861,cpu,8.3
2021-11-03 08:23:01.861,mem,227699582.0
2021-11-03 08:23:03.218,cpu,8.21
2021-11-03 08:23:03.218,mem,227731821.0
2021-11-03 08:23:04.575,cpu,9.16
2021-11-03 08:23:04.575,mem,227736518.0
2021-11-03 08:23:05.932,cpu,9.97
2021-11-03 08:23:05.932,mem,227749711.0
2021-11-03 08:23:07.289,cpu,9.69
2021-11-03 08:23:07.289,mem,227749246.0
2021-11-03 08:23:08.646,cpu,9.13
2021-11-03 08:23:08.646,mem,227743740.0
2021-11-03 08:23:10.003,cpu,8.71
2021-11-03 08:23:10.003,mem,227738150.0
2021-11-03 08:23:11.360,cpu,7.66
2021-11-03 08:23:11.360,mem,227739212.0
2021-11-03 08:23:12.717,cpu,7.37
2021-11-03 08:23:12.717,mem,227737293.0
2021-11-03 08:23:14.074,mem,227727332.0
2021-11-03 08:23:14.074,cpu,4.39
2021-11-03 08:23:15.431,mem,227734283.0
2021-11-03 08:23:15.431,cpu,3.39
2021-11-03 08:23:16.788,cpu,2.87
2021-11-03 08:23:16.788,mem,227730438.0
2021-11-03 08:23:18.145,mem,227722263.0
2021-11-03 08:23:18.145,cpu,4.63
2021-11-03 08:23:19.502,mem,227726450.0
2021-11-03 08:23:19.502,cpu,4.33
2021-11-03 08:23:20.859,mem,227744643.0
2021-11-03 08:23:20.859,cpu,5.25
2021-11-03 08:23:22.216,mem,227744040.0
2021-11-03 08:23:22.216,cpu,5.36
2021-11-03 08:23:23.573,cpu,7.24
2021-11-03 08:23:23.573,mem,227744078.0
2021-11-03 08:23:24.930,mem,227733255.0
2021-11-03 08:23:24.930,cpu,5.25
2021-11-03 08:23:26.287,cpu,4.98
2021-11-03 08:23:26.287,mem,227724739.0
2021-11-03 08:23:27.644,cpu,4.47
2021-11-03 08:23:27.644,mem,227716488.0
2021-11-03 08:23:29.001,cpu,4.07
2021-11-03 08:23:29.001,mem,227715947.0
2021-11-03 08:23:30.358,mem,227709605.0
2021-11-03 08:23:30.358,cpu,3.15
2021-11-03 08:23:31.715,cpu,2.8
2021-11-03 08:23:31.715,mem,227723607.0
2021-11-03 08:23:33.072,cpu,3.87
2021-11-03 08:23:33.072,mem,227733139.0
2021-11-03 08:23:34.429,cpu,4.8
2021-11-03 08:23:34.429,mem,227741064.0
2021-11-03 08:23:35.786,mem,227724077.0
2021-11-03 08:23:35.786,cpu,5.26
2021-11-03 08:23:37.143,cpu,4.72
2021-11-03 08:23:37.143,mem,227719976.0
2021-11-03 08:23:38.500,cpu,4.46
2021-11-03 08:23:38.500,mem,227749904.0
2021-11-03 08:23:39.857,cpu,3.81
2021-11-03 08:23:39.857,mem,227747020.0
2021-11-03 08:23:41.214,mem,227750675.0
2021-11-03 08:23:41.214,cpu,3.74
2021-11-03 08:23:42.571,cpu,3.85
2021-11-03 08:23:42.571,mem,227742437.0
2021-11-03 08:23:43.928,cpu,4.14
2021-11-03 08:23:43.928,mem,227724705.0
2021-11-03 08:23:45.285,cpu,4.23
2021-11-03 08:23:45.285,mem,227722582.0
2021-11-03 08:23:46.642,cpu,2.95
2021-11-03 08:23:46.642,mem,227739096.0
2021-11-03 08:23:47.999,cpu,2.32
2021-11-03 08:23:47.999,mem,227749228.0
2021-11-03 08:23:49.356,cpu,2.81
2021-11-03 08:23:49.356,mem,227738675.0
2021-11-03 08:23:50.713,cpu,2.48
2021-11-03 08:23:50.713,mem,227725374.0
2021-11-03 08:23:52.070,mem,227716682.0
2021-11-03 08:23:52.070,cpu,1.62
2021-11-03 08:23:53.427,cpu,2.33
2021-11-03 08:23:53.427,mem,227706957.0
2021-11-03 08:23:54.784,cpu,4.08
2021-11-03 08:23:54.784,mem,227697342.0
2021-11-03 08:23:56.141,mem,227701751.0
2021-11-03 08:23:56.141,cpu,5.0
2021-11-03 08:23:57.498,mem,227723897.0
2021-11-03 08:23:57.498,cpu,4.56
2021-11-03 08:23:58.855,cpu,2.39
2021-11-03 08:23:58.855,mem,227724552.0
2021-11-03 08:24:00.212,cpu,2.01
2021-11-03 08:24:00.212,mem,227716212.0
2021-11-03 08:24:01.569,cpu,1.61
2021-11-03 08:24:01.569,mem,227743931.0
2021-11-03 08:24:02.926,mem,227731133.0
2021-11-03 08:24:02.926,cpu,3.19
2021-11-03 08:24:04.283,mem,227734686.0
2021-11-03 08:24:04.283,cpu,2.53
2021-11-03 08:24:05.640,mem,227746651.0
2021-11-03 08:24:05.640,cpu,2.94
2021-11-03 08:24:06.997,mem,227733045.0
2021-11-03 08:24:06.997,cpu,2.83
2021-11-03 08:24:08.354,mem,227733978.0
2021-11-03 08:24:08.354,cpu,3.89
2021-11-03 08:24:09.711,cpu,3.59
2021-11-03 08:24:09.711,mem,227738362.0
2021-11-03 08:24:11.068,cpu,5.02
2021-11-03 08:24:11.068,mem,227731152.0
2021-11-03 08:24:12.425,cpu,3.5
2021-11-03 08:24:12.425,mem,227725521.0
2021-11-03 08:24:13.782,cpu,3.54
2021-11-03 08:24:13.782,mem,227717627.0
2021-11-03 08:24:15.139,cpu,2.74
2021-11-03 08:24:15.139,mem,227707285.0
2021-11-03 08:24:16.496,cpu,1.47
2021-11-03 08:24:16.496,mem,227712976.0
2021-11-03 08:24:17.853,cpu,1.28
2021-11-03 08:24:17.853,mem,227726272.0
2021-11-03 08:24:19.210,mem,227730274.0
2021-11-03 08:24:19.210,cpu,0.45
2021-11-03 08:24:20.567,cpu,-0.36
2021-11-03 08:24:20.567,mem,227717320.0
2021-11-03 08:24:21.924,mem,227707968.0
2021-11-03 08:24:21.924,cpu,-0.84
2021-11-03 08:24:23.281,mem,227699626.0
2021-11-03 08:24:23.281,cpu,0.9
2021-11-03 08:24:24.638,mem,227699738.0
2021-11-03 08:24:24.638,cpu,1.4
2021-11-03 08:24:25.995,mem,227707696.0
2021-11-03 08:24:25.995,cpu,1.76
2021-11-03 08:24:27.352,mem,227701355.0
2021-11-03 08:24:27.352,cpu,1.39
2021-11-03 08:24:28.709,mem,227708125.0
2021-11-03 08:24:28.709,cpu,1.38
2021-11-03 08:24:30.066,mem,227690728.0
2021-11-03 08:24:30.066,cpu,1.24
2021-11-03 08:24:31.423,cpu,1.27
2021-11-03 08:24:31.423,mem,227697619.0
2021-11-03 08:24:32.780,cpu,0.93
2021-11-03 08:24:32.780,mem,227701504.0
2021-11-03 08:24:34.137,cpu,0.93
2021-11-03 08:24:34.137,mem,227703786.0
2021-11-03 08:24:35.494,cpu,-1.19
2021-11-03 08:24:35.494,mem,227704247.0
2021-11-03 08:24:36.851,cpu,-0.25
2021-11-03 08:24:36.851,mem,227701831.0
2021-11-03 08:24:38.208,cpu,-0.2
2021-11-03 08:24:38.208,mem,227710927.0
2021-11-03 08:24:39.565,cpu,0.44
2021-11-03 08:24:39.565,mem,227728525.0
2021-11-03 08:24:40.922,cpu,0.2
2021-11-03 08:24:40.922,mem,227726807.0
2021-11-03 08:24:42.279,cpu,0.73
2021-11-03 08:24:42.279,mem,227718788.0
2021-11-03 08:24:43.636,cpu,1.04
2021-11-03 08:24:43.636,mem,227730493.0
2021-11-03 08:24:44.993,cpu,2.8
2021-11-03 08:24:44.993,mem,227730629.0
2021-11-03 08:24:46.350,cpu,2.66
2021-11-03 08:24:46.350,mem,227729489.0
2021-11-03 08:24:47.707,cpu,2.73
2021-11-03 08:24:47.707,mem,227714492.0
2021-11-03 08:24:49.064,cpu,3.79
2021-11-03 08:24:49.064,mem,227723386.0
2021-11-03 08:24:50.421,cpu,4.83
2021-11-03 08:24:50.421,mem,227744460.0
2021-11-03 08:24:51.778,mem,227740015.0
2021-11-03 08:24:51.778,cpu,4.4
2021-11-03 08:24:53.135,mem,227727154.0
2021-11-03 08:24:53.135,cpu,3.16
2021-11-03 08:24:54.492,mem,227743240.0
2021-11-03 08:24:54.492,cpu,2.35
2021-11-03 08:24:55.849,mem,227744877.0
2021-11-03 08:24:55.849,cpu,3.33
2021-11-03 08:24:57.206,mem,227736314.0
2021-11-03 08:24:57.206,cpu,3.74
2021-11-03 08:24:58.563,mem,227731695.0
2021-11-03 08:24:58.563,cpu,5.76
2021-11-03 08:24:59.920,mem,227722267.0
2021-11-03 08:24:59.920,cpu,6.19
2021-11-03 08:25:01.277,mem,227733454.0
2021-11-03 08:25:01.277,cpu,7.54
2021-11-03 08:25:02.634,mem,227718706.0
2021-11-03 08:25:02.634,cpu,8.88
2021-11-03 08:25:03.991,mem,227731680.0
2021-11-03 08:25:03.991,cpu,9.13
2021-11-03 08:25:05.348,mem,227724210.0
2021-11-03 08:25:05.348,cpu,8.95
2021-11-03 08:25:06.705,mem,227724889.0
2021-11-03 08:25:06.705,cpu,9.32
2021-11-03 08:25:08.062,mem,227739522.0
2021-11-03 08:25:08.062,cpu,9.73
2021-11-03 08:25:09.419,mem,227743277.0
2021-11-03 08:25:09.419,cpu,9.45
2021-11-03 08:25:10.776,mem,227738384.0
2021-11-03 08:25:10.776,cpu,8.21
2021-11-03 08:25:12.133,mem,227708612.0
2021-11-03 08:25:12.133,cpu,9.23
2021-11-03 08:25:13.490,mem,227694047.0
2021-11-03 08:25:13.490,cpu,9.42
2021-11-03 08:25:14.847,cpu,9.64
2021-11-03 08:25:14.847,mem,227703120.0
2021-11-03 08:25:16.204,cpu,10.6
2021-11-03 08:25:16.204,mem,227706062.0
2021-11-03 08:25:17.561,cpu,11.21
2021-11-03 08:25:17.561,mem,227711599.0
2021-11-03 08:25:18.918,cpu,12.4
2021-11-03 08:25:18.918,mem,227726799.0
2021-11-03 08:25:20.275,cpu,12.8
2021-11-03 08:25:20.275,mem,227728123.0
2021-11-03 08:25:21.632,cpu,11.95
2021-11-03 08:25:21.632,mem,227710431.0
2021-11-03 08:25:22.989,cpu,13.47
2021-11-03 08:25:22.989,mem,227720790.0
2021-11-03 08:25:24.346,cpu,16.03
2021-11-03 08:25:24.346,mem,227706344.0
2021-11-03 08:25:25.703,cpu,17.3
2021-11-03 08:25:25.703,mem,227718171.0
2021-11-03 08:25:27.060,cpu,16.77
2021-11-03 08:25:27.060,mem,227728455.0
2021-11-03 08:25:28.417,cpu,16.65
2021-11-03 08:25:28.417,mem,227725852.0
2021-11-03 08:25:29.774,cpu,17.0
2021-11-03 08:25:29.774,mem,227709073.0
2021-11-03 08:25:31.131,cpu,17.15
2021-11-03 08:25:31.131,mem,227709300.0
2021-11-03 08:25:32.488,cpu,16.31
2021-11-03 08:25:32.488,mem,227710863.0
2021-11-03 08:25:33.845,cpu,17.45
2021-11-03 08:25:33.845,mem,227724391.0
2021-11-03 08:25:35.202,cpu,17.29
2021-11-03 08:25:35.202,mem,227715595.0
2021-11-03 08:25:36.559,cpu,16.33
2021-11-03 08:25:36.559,mem,227708972.0
2021-11-03 08:25:37.916,cpu,17.19
2021-11-03 08:25:37.916,mem,227702469.0
2021-11-03 08:25:39.273,cpu,18.8
2021-11-03 08:25:39.273,mem,227696264.0
2021-11-03 08:25:40.630,cpu,18.14
2021-11-03 08:25:40.630,mem,227707050.0
2021-11-03 08:25:41.987,cpu,20.18
2021-11-03 08:25:41.987,mem,227713619.0
2021-11-03 08:25:43.344,mem,227700760.0
2021-11-03 08:25:43.344,cpu,21.5
2021-11-03 08:25:44.701,mem,227693508.0
2021-11-03 08:25:44.701,cpu,21.38
2021-11-03 08:25:46.058,mem,227678404.0
2021-11-03 08:25:46.058,cpu,20.81
2021-11-03 08:25:47.415,mem,227692880.0
2021-11-03 08:25:47.415,cpu,21.45
2021-11-03 08:25:48.772,mem,227690838.0
2021-11-03 08:25:48.772,cpu,21.35
2021-11-03 08:25:50.129,mem,227665573.0
2021-11-03 08:25:50.129,cpu,22.14
2021-11-03 08:25:51.486,mem,227669652.0
2021-11-03 08:25:51.486,cpu,22.16
2021-11-03 08:25:52.843,mem,227679262.0
2021-11-03 08:25:52.843,cpu,21.24
2021-11-03 08:25:54.200,mem,227685884.0
2021-11-03 08:25:54.200,cpu,21.86
2021-11-03 08:25:55.557,mem,227699256.0
2021-11-03 08:25:55.557,cpu,21.55
2021-11-03 08:25:56.914,mem,227706869.0
2021-11-03 08:25:56.914,cpu,19.6
2021-11-03 08:25:58.271,mem,227715740.0
2021-11-03 08:25:58.271,cpu,19.09
2021-11-03 08:25:59.628,mem,227715301.0
2021-11-03 08:25:59.628,cpu,18.09
2021-11-03 08:26:00.985,mem,227724483.0
2021-11-03 08:26:00.985,cpu,17.38
2021-11-03 08:26:02.342,mem,227708755.0
2021-11-03 08:26:02.342,cpu,18.99
2021-11-03 08:26:03.699,mem,227715672.0
2021-11-03 08:26:03.699,cpu,19.49
2021-11-03 08:26:05.056,mem,227699549.0
2021-11-03 08:26:05.056,cpu,19.69
2021-11-03 08:26:06.413,mem,227695107.0
2021-11-03 08:26:06.413,cpu,17.59
2021-11-03 08:26:07.770,mem,227672787.0
2021-11-03 08:26:07.770,cpu,16.69
2021-11-03 08:26:09.127,mem,227663663.0
2021-11-03 08:26:09.127,cpu,19.13
2021-11-03 08:26:10.484,mem,227667670.0
2021-11-03 08:26:10.484,cpu,19.62
2021-11-03 08:26:11.841,cpu,20.09
2021-11-03 08:26:11.841,mem,227673292.0
2021-11-03 08:26:13.198,mem,227676669.0
2021-11-03 08:26:13.198,cpu,21.53
2021-11-03 08:26:14.555,mem,227669761.0
2021-11-03 08:26:14.555,cpu,21.52
2021-11-03 08:26:15.912,cpu,21.64
2021-11-03 08:26:15.912,mem,227677039.0
2021-11-03 08:26:17.269,cpu,21.0
2021-11-03 08:26:17.269,mem,227681018.0
2021-11-03 08:26:18.626,cpu,20.88
2021-11-03 08:26:18.626,mem,227679929.0
2021-11-03 08:26:19.983,cpu,23.51
2021-11-03 08:26:19.983,mem,227675617.0
2021-11-03 08:26:21.340,cpu,21.49
2021-11-03 08:26:21.340,mem,227693321.0
2021-11-03 08:26:22.697,cpu,23.24
2021-11-03 08:26:22.697,mem,227715349.0
2021-11-03 08:26:24.054,cpu,20.84
2021-11-03 08:26:24.054,mem,227719380.0
2021-11-03 08:26:25.411,mem,227708283.0
2021-11-03 08:26:25.411,cpu,20.16
2021-11-03 08:26:26.768,mem,227709948.0
2021-11-03 08:26:26.768,cpu,20.21
2021-11-03 08:26:28.125,cpu,19.24
2021-11-03 08:26:28.125,mem,227724056.0
2021-11-03 08:26:29.482,cpu,19.36
2021-11-03 08:26:29.482,mem,227719384.0
2021-11-03 08:26:30.839,mem,227726068.0
2021-11-03 08:26:30.839,cpu,20.01
2021-11-03 08:26:32.196,mem,227741148.0
2021-11-03 08:26:32.196,cpu,19.0
2021-11-03 08:26:33.553,cpu,18.59
2021-11-03 08:26:33.553,mem,227757442.0
2021-11-03 08:26:34.910,mem,227742990.0
2021-11-03 08:26:34.910,cpu,17.72
2021-11-03 08:26:36.267,mem,227735572.0
2021-11-03 08:26:36.267,cpu,16.6
2021-11-03 08:26:37.624,mem,227723439.0
2021-11-03 08:26:37.624,cpu,18.03
2021-11-03 08:26:38.981,mem,227725909.0
2021-11-03 08:26:38.981,cpu,17.97
2021-11-03 08:26:40.338,mem,227724326.0
2021-11-03 08:26:40.338,cpu,17.39
2021-11-03 08:26:41.695,mem,227721178.0
2021-11-03 08:26:41.695,cpu,16.42
2021-11-03 08:26:43.052,mem,227731941.0
2021-11-03 08:26:43.052,cpu,17.25
2021-11-03 08:26:44.409,mem,227733450.0
2021-11-03 08:26:44.409,cpu,16.23
2021-11-03 08:26:45.766,mem,227728638.0
2021-11-03 08:26:45.766,cpu,16.08
2021-11-03 08:26:47.123,mem,227741050.0
2021-11-03 08:26:47.123,cpu,16.41
2021-11-03 08:26:48.480,cpu,15.38
2021-11-03 08:26:48.480,mem,227749159.0
2021-11-03 08:26:49.837,mem,227756946.0
2021-11-03 08:26:49.837,cpu,14.73
2021-11-03 08:26:51.194,cpu,12.97
2021-11-03 08:26:51.194,mem,227746575.0
2021-11-03 08:26:52.551,cpu,12.67
2021-11-03 08:26:52.551,mem,227778183.0
2021-11-03 08:26:53.908,cpu,13.12
2021-11-03 08:26:53.908,mem,227789977.0
2021-11-03 08:26:55.265,cpu,13.25
2021-11-03 08:26:55.265,mem,227790900.0
2021-11-03 08:26:56.622,mem,227805423.0
2021-11-03 08:26:56.622,cpu,12.3
2021-11-03 08:26:57.979,mem,227790771.0
2021-11-03 08:26:57.979,cpu,11.36
2021-11-03 08:26:59.336,mem,227798880.0
2021-11-03 08:26:59.336,cpu,9.6
2021-11-03 08:27:00.693,mem,227782563.0
2021-11-03 08:27:00.693,cpu,11.4
2021-11-03 08:27:02.050,mem,227772747.0
2021-11-03 08:27:02.050,cpu,10.76
2021-11-03 08:27:03.407,mem,227789023.0
2021-11-03 08:27:03.407,cpu,10.32
2021-11-03 08:27:04.764,mem,227778068.0
2021-11-03 08:27:04.764,cpu,9.64
2021-11-03 08:27:06.121,mem,227776363.0
2021-11-03 08:27:06.121,cpu,10.95
2021-11-03 08:27:07.478,mem,227766664.0
2021-11-03 08:27:07.478,cpu,11.5
2021-11-03 08:27:08.835,mem,227737373.0
2021-11-03 08:27:08.835,cpu,10.02
2021-11-03 08:27:10.192,mem,227729976.0
2021-11-03 08:27:10.192,cpu,9.85
2021-11-03 08:27:11.549,mem,227727053.0
2021-11-03 08:27:11.549,cpu,8.85
2021-11-03 08:27:12.906,mem,227726345.0
2021-11-03 08:27:12.906,cpu,6.86
2021-11-03 08:27:14.263,mem,227724707.0
2021-11-03 08:27:14.263,cpu,6.56
2021-11-03 08:27:15.620,mem,227727917.0
2021-11-03 08:27:15.620,cpu,5.88
2021-11-03 08:27:16.977,cpu,5.43
2021-11-03 08:27:16.977,mem,227732886.0
2021-11-03 08:27:18.334,cpu,5.9
2021-11-03 08:27:18.334,mem,227725125.0
2021-11-03 08:27:19.691,cpu,5.77
2021-11-03 08:27:19.691,mem,227713098.0
2021-11-03 08:27:21.048,cpu,7.0
2021-11-03 08:27:21.048,mem,227717217.0
2021-11-03 08:27:22.405,cpu,6.03
2021-11-03 08:27:22.405,mem,227720792.0
2021-11-03 08:27:23.762,cpu,4.55
2021-11-03 08:27:23.762,mem,227722384.0
2021-11-03 08:27:25.119,cpu,4.08
2021-11-03 08:27:25.119,mem,227694595.0
2021-11-03 08:27:26.476,cpu,3.98
2021-11-03 08:27:26.476,mem,227667755.0
2021-11-03 08:27:27.833,cpu,4.29
2021-11-03 08:27:27.833,mem,227659366.0
2021-11-03 08:27:29.190,cpu,6.35
2021-11-03 08:27:29.190,mem,227653750.0
2021-11-03 08:27:30.547,cpu,7.79
2021-11-03 08:27:30.547,mem,227653227.0
2021-11-03 08:27:31.904,cpu,7.31
2021-11-03 08:27:31.904,mem,227645306.0
2021-11-03 08:27:33.261,cpu,6.6
2021-11-03 08:27:33.261,mem,227661817.0
2021-11-03 08:27:34.618,cpu,6.97
2021-11-03 08:27:34.618,mem,227668582.0
2021-11-03 08:27:35.975,cpu,5.83
2021-11-03 08:27:35.975,mem,227664486.0
2021-11-03 08:27:37.332,cpu,6.82
2021-11-03 08:27:37.332,mem,227671028.0
2021-11-03 08:27:38.689,cpu,7.65
2021-11-03 08:27:38.689,mem,227675166.0
2021-11-03 08:27:40.046,mem,227663893.0
2021-11-03 08:27:40.046,cpu,7.7
2021-11-03 08:27:41.403,mem,227672200.0
2021-11-03 08:27:41.403,cpu,7.39
2021-11-03 08:27:42.760,mem,227676623.0
2021-11-03 08:27:42.760,cpu,7.33
2021-11-03 08:27:44.117,mem,227675555.0
2021-11-03 08:27:44.117,cpu,7.67
2021-11-03 08:27:45.474,mem,227664955.0
2021-11-03 08:27:45.474,cpu,6.23
2021-11-03 08:27:46.831,mem,227651869.0
2021-11-03 08:27:46.831,cpu,4.91
2021-11-03 08:27:48.188,mem,227653310.0
2021-11-03 08:27:48.188,cpu,4.87
2021-11-03 08:27:49.545,cpu,5.0
2021-11-03 08:27:49.545,mem,227648080.0
2021-11-03 08:27:50.902,mem,227642355.0
2021-11-03 08:27:50.902,cpu,7.36
2021-11-03 08:27:52.259,mem,227631040.0
2021-11-03 08:27:52.259,cpu,6.92
2021-11-03 08:27:53.616,mem,227634201.0
2021-11-03 08:27:53.616,cpu,7.76
2021-11-03 08:27:54.973,cpu,7.05
2021-11-03 08:27:54.973,mem,227617017.0
2021-11-03 08:27:56.330,mem,227627693.0
2021-11-03 08:27:56.330,cpu,6.22
2021-11-03 08:27:57.687,mem,227627210.0
2021-11-03 08:27:57.687,cpu,7.07
2021-11-03 08:27:59.044,cpu,6.32
2021-11-03 08:27:59.044,mem,227631605.0
2021-11-03 08:28:00.401,mem,227634994.0
2021-11-03 08:28:00.401,cpu,5.19
2021-11-03 08:28:01.758,mem,227640687.0
2021-11-03 08:28:01.758,cpu,5.6
2021-11-03 08:28:03.115,cpu,6.58
2021-11-03 08:28:03.115,mem,227643891.0
2021-11-03 08:28:04.472,mem,227647600.0
2021-11-03 08:28:04.472,cpu,4.53
2021-11-03 08:28:05.829,mem,227645022.0
2021-11-03 08:28:05.829,cpu,5.6
2021-11-03 08:28:07.186,cpu,6.48
2021-11-03 08:28:07.186,mem,227643023.0
2021-11-03 08:28:08.543,mem,227640672.0
2021-11-03 08:28:08.543,cpu,7.52
2021-11-03 08:28:09.900,mem,227650211.0
2021-11-03 08:28:09.900,cpu,7.54
2021-11-03 08:28:11.257,cpu,6.79
2021-11-03 08:28:11.257,mem,227651885.0
2021-11-03 08:28:12.614,cpu,6.38
2021-11-03 08:28:12.614,mem,227642413.0
2021-11-03 08:28:13.971,mem,227666775.0
2021-11-03 08:28:13.971,cpu,7.44
2021-11-03 08:28:15.328,cpu,8.43
2021-11-03 08:28:15.328,mem,227681286.0
2021-11-03 08:28:16.685,cpu,9.26
2021-11-03 08:28:16.685,mem,227694211.0
2021-11-03 08:28:18.042,mem,227665037.0
2021-11-03 08:28:18.042,cpu,8.1
2021-11-03 08:28:19.399,mem,227647188.0
2021-11-03 08:28:19.399,cpu,9.03
2021-11-03 08:28:20.756,mem,227638981.0
2021-11-03 08:28:20.756,cpu,10.84
2021-11-03 08:28:22.113,cpu,8.08
2021-11-03 08:28:22.113,mem,227645586.0
2021-11-03 08:28:23.470,mem,227658177.0
2021-11-03 08:28:23.470,cpu,9.33
2021-11-03 08:28:24.827,cpu,8.24
2021-11-03 08:28:24.827,mem,227647316.0
2021-11-03 08:28:26.184,cpu,9.38
2021-11-03 08:28:26.184,mem,227646915.0
2021-11-03 08:28:27.541,cpu,8.79
2021-11-03 08:28:27.541,mem,227635535.0
2021-11-03 08:28:28.898,cpu,7.86
2021-11-03 08:28:28.898,mem,227637284.0
2021-11-03 08:28:30.255,mem,227621889.0
2021-11-03 08:28:30.255,cpu,6.88
2021-11-03 08:28:31.612,cpu,7.21
2021-11-03 08:28:31.612,mem,227641107.0
2021-11-03 08:28:32.969,cpu,8.61
2021-11-03 08:28:32.969,mem,227637868.0
2021-11-03 08:28:34.326,cpu,9.25
2021-11-03 08:28:34.326,mem,227636382.0
2021-11-03 08:28:35.683,cpu,9.34
2021-11-03 08:28:35.683,mem,227634523.0
2021-11-03 08:28:37.040,mem,227618648.0
2021-11-03 08:28:37.040,cpu,7.87
2021-11-03 08:28:38.397,mem,227623955.0
2021-11-03 08:28:38.397,cpu,8.23
2021-11-03 08:28:39.754,mem,227626672.0
2021-11-03 08:28:39.754,cpu,8.57
2021-11-03 08:28:41.111,cpu,6.71
2021-11-03 08:28:41.111,mem,227623520.0
2021-11-03 08:28:42.468,cpu,5.47
2021-11-03 08:28:42.468,mem,227613707.0
2021-11-03 08:28:43.825,cpu,5.74
2021-11-03 08:28:43.825,mem,227608613.0
2021-11-03 08:28:45.182,cpu,4.87
2021-11-03 08:28:45.182,mem,227605056.0
2021-11-03 08:28:46.539,cpu,3.35
2021-11-03 08:28:46.539,mem,227600866.0
2021-11-03 08:28:47.896,cpu,1.77
2021-11-03 08:28:47.896,mem,227609116.0
2021-11-03 08:28:49.253,mem,227600134.0
2021-11-03 08:28:49.253,cpu,2.67
2021-11-03 08:28:50.610,cpu,2.75
2021-11-03 08:28:50.610,mem,227603426.0
2021-11-03 08:28:51.967,mem,227616150.0
2021-11-03 08:28:51.967,cpu,2.61
2021-11-03 08:28:53.324,mem,227635625.0
2021-11-03 08:28:53.324,cpu,1.67
2021-11-03 08:28:54.681,cpu,-1.25
2021-11-03 08:28:54.681,mem,227638977.0
2021-11-03 08:28:56.038,cpu,-1.76
2021-11-03 08:28:56.038,mem,227630399.0
2021-11-03 08:28:57.395,cpu,-2.63
2021-11-03 08:28:57.395,mem,227640033.0
2021-11-03 08:28:58.752,mem,227632347.0
2021-11-03 08:28:58.752,cpu,-3.35
2021-11-03 08:29:00.109,mem,227623073.0
2021-11-03 08:29:00.109,cpu,-2.7
2021-11-03 08:29:01.466,mem,227621080.0
2021-11-03 08:29:01.466,cpu,-2.71
2021-11-03 08:29:02.823,cpu,-0.73
2021-11-03 08:29:02.823,mem,227613443.0
2021-11-03 08:29:04.180,mem,227612298.0
2021-11-03 08:29:04.180,cpu,-1.78
2021-11-03 08:29:05.537,cpu,-2.28
2021-11-03 08:29:05.537,mem,227616978.0
2021-11-03 08:29:06.894,mem,227619943.0
2021-11-03 08:29:06.894,cpu,-4.38
2021-11-03 08:29:08.251,cpu,-1.74
2021-11-03 08:29:08.251,mem,227621545.0
2021-11-03 08:29:09.608,cpu,-1.5
2021-11-03 08:29:09.608,mem,227610056.0
2021-11-03 08:29:10.965,mem,227625511.0
2021-11-03 08:29:10.965,cpu,-2.08
2021-11-03 08:29:12.322,cpu,-2.16
2021-11-03 08:29:12.322,mem,227641416.0
2021-11-03 08:29:13.679,mem,227638297.0
2021-11-03 08:29:13.679,cpu,-3.2
2021-11-03 08:29:15.036,mem,227628271.0
2021-11-03 08:29:15.036,cpu,-2.9
2021-11-03 08:29:16.393,cpu,-4.08
2021-11-03 08:29:16.393,mem,227610721.0
2021-11-03 08:29:17.750,mem,227599574.0
2021-11-03 08:29:17.750,cpu,-4.78
2021-11-03 08:29:19.107,mem,227605523.0
2021-11-03 08:29:19.107,cpu,-4.78
2021-11-03 08:29:20.464,cpu,-6.61
2021-11-03 08:29:20.464,mem,227602005.0
2021-11-03 08:29:21.821,mem,227590052.0
2021-11-03 08:29:21.821,cpu,-6.99
2021-11-03 08:29:23.178,cpu,-5.13
2021-11-03 08:29:23.178,mem,227584481.0
2021-11-03 08:29:24.535,mem,227577864.0
2021-11-03 08:29:24.535,cpu,-5.26
2021-11-03 08:29:25.892,cpu,-2.77
2021-11-03 08:29:25.892,mem,227564927.0
2021-11-03 08:29:27.249,mem,227561113.0
2021-11-03 08:29:27.249,cpu,-3.71
2021-11-03 08:29:28.606,mem,227564003.0
2021-11-03 08:29:28.606,cpu,-2.79
2021-11-03 08:29:29.963,cpu,-4.08
2021-11-03 08:29:29.963,mem,227555545.0
2021-11-03 08:29:31.320,mem,227549174.0
2021-11-03 08:29:31.320,cpu,-3.77
2021-11-03 08:29:32.677,mem,227543713.0
2021-11-03 08:29:32.677,cpu,-5.11
2021-11-03 08:29:34.034,mem,227539443.0
2021-11-03 08:29:34.034,cpu,-5.4
2021-11-03 08:29:35.391,mem,227533844.0
2021-11-03 08:29:35.391,cpu,-5.85
2021-11-03 08:29:36.748,cpu,-5.34
2021-11-03 08:29:36.748,mem,227535905.0
2021-11-03 08:29:38.105,mem,227535332.0
2021-11-03 08:29:38.105,cpu,-6.21
2021-11-03 08:29:39.462,mem,227521034.0
2021-11-03 08:29:39.462,cpu,-6.45
2021-11-03 08:29:40.819,mem,227514479.0
2021-11-03 08:29:40.819,cpu,-7.47
2021-11-03 08:29:42.176,cpu,-7.65
2021-11-03 08:29:42.176,mem,227523599.0
2021-11-03 08:29:43.533,cpu,-9.09
2021-11-03 08:29:43.533,mem,227526589.0
2021-11-03 08:29:44.890,cpu,-8.28
2021-11-03 08:29:44.890,mem,227542175.0
2021-11-03 08:29:46.247,mem,227531910.0
2021-11-03 08:29:46.247,cpu,-8.91
2021-11-03 08:29:47.604,mem,227552156.0
2021-11-03 08:29:47.604,cpu,-8.52
2021-11-03 08:29:48.961,cpu,-7.86
2021-11-03 08:29:48.961,mem,227548808.0
2021-11-03 08:29:50.318,cpu,-7.39
2021-11-03 08:29:50.318,mem,227545530.0
2021-11-03 08:29:51.675,mem,227541212.0
2021-11-03 08:29:51.675,cpu,-6.69
2021-11-03 08:29:53.032,cpu,-7.02
2021-11-03 08:29:53.032,mem,227530316.0
2021-11-03 08:29:54.389,mem,227519620.0
2021-11-03 08:29:54.389,cpu,-5.73
2021-11-03 08:29:55.746,cpu,-5.55
2021-11-03 08:29:55.746,mem,227515584.0
2021-11-03 08:29:57.103,cpu,-6.32
2021-11-03 08:29:57.103,mem,227520710.0
2021-11-03 08:29:58.460,cpu,-7.75
2021-11-03 08:29:58.460,mem,227525838.0
2021-11-03 08:29:59.817,cpu,-8.44
2021-11-03 08:29:59.817,mem,227539136.0
2021-11-03 08:30:01.174,cpu,-8.01
2021-11-03 08:30:01.174,mem,227548014.0
2021-11-03 08:30:02.531,cpu,-7.9
2021-11-03 08:30:02.531,mem,227557014.0
2021-11-03 08:30:03.888,cpu,-7.29
2021-11-03 08:30:03.888,mem,227566556.0
2021-11-03 08:30:05.245,cpu,-7.88
2021-11-03 08:30:05.245,mem,227573135.0
2021-11-03 08:30:06.602,mem,227586089.0
2021-11-03 08:30:06.602,cpu,-7.88
2021-11-03 08:30:07.959,cpu,-9.24
2021-11-03 08:30:07.959,mem,227576977.0
2021-11-03 08:30:09.316,cpu,-9.84
2021-11-03 08:30:09.316,mem,227556758.0
2021-11-03 08:30:10.673,cpu,-10.71
2021-11-03 08:30:10.673,mem,227548154.0
2021-11-03 08:30:12.030,cpu,-9.65
2021-11-03 08:30:12.030,mem,227549849.0
2021-11-03 08:30:13.387,cpu,-9.52
2021-11-03 08:30:13.387,mem,227548411.0
2021-11-03 08:30:14.744,mem,227537591.0
2021-11-03 08:30:14.744,cpu,-9.69
2021-11-03 08:30:16.101,cpu,-8.37
2021-11-03 08:30:16.101,mem,227549548.0
2021-11-03 08:30:17.458,cpu,-8.55
2021-11-03 08:30:17.458,mem,227558115.0
2021-11-03 08:30:18.815,cpu,-8.73
2021-11-03 08:30:18.815,mem,227559518.0
2021-11-03 08:30:20.172,mem,227542732.0
2021-11-03 08:30:20.172,cpu,-8.61
2021-11-03 08:30:21.529,cpu,-9.45
2021-11-03 08:30:21.529,mem,227534116.0
2021-11-03 08:30:22.886,cpu,-10.45
2021-11-03 08:30:22.886,mem,227541392.0
2021-11-03 08:30:24.243,cpu,-13.56
2021-11-03 08:30:24.243,mem,227539739.0
2021-11-03 08:30:25.600,cpu,-13.33
2021-11-03 08:30:25.600,mem,227518375.0
2021-11-03 08:30:26.957,mem,227517256.0
2021-11-03 08:30:26.957,cpu,-15.27
2021-11-03 08:30:28.314,mem,227521103.0
2021-11-03 08:30:28.314,cpu,-16.54
2021-11-03 08:30:29.671,cpu,-16.37
2021-11-03 08:30:29.671,mem,227505536.0
2021-11-03 08:30:31.028,cpu,-16.91
2021-11-03 08:30:31.028,mem,227503245.0
2021-11-03 08:30:32.385,mem,227499443.0
2021-11-03 08:30:32.385,cpu,-18.15
2021-11-03 08:30:33.742,mem,227501968.0
2021-11-03 08:30:33.742,cpu,-17.57
2021-11-03 08:30:35.099,cpu,-17.14
2021-11-03 08:30:35.099,mem,227489947.0
2021-11-03 08:30:36.456,cpu,-17.13
2021-11-03 08:30:36.456,mem,227487727.0
2021-11-03 08:30:37.813,mem,227473367.0
2021-11-03 08:30:37.813,cpu,-18.01
2021-11-03 08:30:39.170,mem,227480534.0
2021-11-03 08:30:39.170,cpu,-17.55
2021-11-03 08:30:40.527,cpu,-18.79
2021-11-03 08:30:40.527,mem,227471783.0
2021-11-03 08:30:41.884,mem,227473632.0
2021-11-03 08:30:41.884,cpu,-17.5
2021-11-03 08:30:43.241,cpu,-15.59
2021-11-03 08:30:43.241,mem,227500407.0
2021-11-03 08:30:44.598,mem,227484247.0
2021-11-03 08:30:44.598,cpu,-16.09
2021-11-03 08:30:45.955,mem,227486373.0
2021-11-03 08:30:45.955,cpu,-16.46
2021-11-03 08:30:47.312,cpu,-17.51
2021-11-03 08:30:47.312,mem,227482067.0
2021-11-03 08:30:48.669,cpu,-19.12
2021-11-03 08:30:48.669,mem,227480575.0
2021-11-03 08:30:50.026,mem,227495708.0
2021-11-03 08:30:50.026,cpu,-20.06
2021-11-03 08:30:51.383,mem,227491388.0
2021-11-03 08:30:51.383,cpu,-18.6
2021-11-03 08:30:52.740,cpu,-19.27
2021-11-03 08:30:52.740,mem,227499161.0
2021-11-03 08:30:54.097,cpu,-21.36
2021-11-03 08:30:54.097,mem,227498092.0
2021-11-03 08:30:55.454,mem,227510356.0
2021-11-03 08:30:55.454,cpu,-21.44
2021-11-03 08:30:56.811,mem,227514361.0
2021-11-03 08:30:56.811,cpu,-21.15
2021-11-03 08:30:58.168,cpu,-22.36
2021-11-03 08:30:58.168,mem,227523160.0
2021-11-03 08:30:59.525,mem,227509716.0
2021-11-03 08:30:59.525,cpu,-22.75
2021-11-03 08:31:00.882,mem,227508174.0
2021-11-03 08:31:00.882,cpu,-20.82
2021-11-03 08:31:02.239,cpu,-23.32
2021-11-03 08:31:02.239,mem,227490889.0
2021-11-03 08:31:03.596,cpu,-24.04
2021-11-03 08:31:03.596,mem,227492402.0
2021-11-03 08:31:04.953,cpu,-24.9
2021-11-03 08:31:04.953,mem,227495073.0
2021-11-03 08:31:06.310,mem,227482084.0
2021-11-03 08:31:06.310,cpu,-24.53
2021-11-03 08:31:07.667,mem,227486324.0
2021-11-03 08:31:07.667,cpu,-23.74
2021-11-03 08:31:09.024,cpu,-22.06
2021-11-03 08:31:09.024,mem,227477345.0
2021-11-03 08:31:10.381,cpu,-23.11
2021-11-03 08:31:10.381,mem,227458406.0
2021-11-03 08:31:11.738,cpu,-23.11
2021-11-03 08:31:11.738,mem,227441625.0
2021-11-03 08:31:13.095,cpu,-23.13
2021-11-03 08:31:13.095,mem,227432051.0
2021-11-03 08:31:14.452,mem,227455527.0
2021-11-03 08:31:14.452,cpu,-23.65
2021-11-03 08:31:15.809,cpu,-26.06
2021-11-03 08:31:15.809,mem,227475571.0
2021-11-03 08:31:17.166,mem,227488544.0
2021-11-03 08:31:17.166,cpu,-24.74
2021-11-03 08:31:18.523,mem,227493201.0
2021-11-03 08:31:18.523,cpu,-26.55
2021-11-03 08:31:19.880,cpu,-26.12
2021-11-03 08:31:19.880,mem,227494804.0
2021-11-03 08:31:21.237,cpu,-25.0
2021-11-03 08:31:21.237,mem,227523311.0
2021-11-03 08:31:22.594,cpu,-25.02
2021-11-03 08:31:22.594,mem,227509043.0
2021-11-03 08:31:23.951,mem,227509159.0
2021-11-03 08:31:23.951,cpu,-24.86
2021-11-03 08:31:25.308,mem,227497024.0
2021-11-03 08:31:25.308,cpu,-23.18
2021-11-03 08:31:26.665,mem,227490707.0
2021-11-03 08:31:26.665,cpu,-23.33
2021-11-03 08:31:28.022,cpu,-22.25
2021-11-03 08:31:28.022,mem,227482700.0
2021-11-03 08:31:29.379,cpu,-19.33
2021-11-03 08:31:29.379,mem,227457601.0
2021-11-03 08:31:30.736,cpu,-19.75
2021-11-03 08:31:30.736,mem,227444962.0
2021-11-03 08:31:32.093,cpu,-19.88
2021-11-03 08:31:32.093,mem,227453188.0
2021-11-03 08:31:33.450,cpu,-19.6
2021-11-03 08:31:33.450,mem,227449388.0
2021-11-03 08:31:34.807,mem,227432859.0
2021-11-03 08:31:34.807,cpu,-19.26
2021-11-03 08:31:36.164,cpu,-19.15
2021-11-03 08:31:36.164,mem,227458927.0
2021-11-03 08:31:37.521,mem,227455017.0
2021-11-03 08:31:37.521,cpu,-17.68
2021-11-03 08:31:38.878,mem,227452061.0
2021-11-03 08:31:38.878,cpu,-17.77
2021-11-03 08:31:40.235,mem,227448046.0
2021-11-03 08:31:40.235,cpu,-18.55
2021-11-03 08:31:41.592,mem,227444592.0
2021-11-03 08:31:41.592,cpu,-19.27
2021-11-03 08:31:42.949,mem,227449815.0
2021-11-03 08:31:42.949,cpu,-19.37
2021-11-03 08:31:44.306,cpu,-19.98
2021-11-03 08:31:44.306,mem,227470990.0
2021-11-03 08:31:45.663,mem,227456745.0
2021-11-03 08:31:45.663,cpu,-18.05
2021-11-03 08:31:47.020,mem,227459064.0
2021-11-03 08:31:47.020,cpu,-19.81
2021-11-03 08:31:48.377,mem,227469681.0
2021-11-03 08:31:48.377,cpu,-19.21
2021-11-03 08:31:49.734,mem,227465618.0
2021-11-03 08:31:49.734,cpu,-19.62
2021-11-03 08:31:51.091,cpu,-18.45
2021-11-03 08:31:51.091,mem,227448007.0
2021-11-03 08:31:52.448,mem,227458884.0
2021-11-03 08:31:52.448,cpu,-19.24
2021-11-03 08:31:53.805,cpu,-19.8
2021-11-03 08:31:53.805,mem,227457555.0
2021-11-03 08:31:55.162,mem,227445383.0
2021-11-03 08:31:55.162,cpu,-18.99
2021-11-03 08:31:56.519,mem,227441229.0
2021-11-03 08:31:56.519,cpu,-19.01
2021-11-03 08:31:57.876,cpu,-18.76
2021-11-03 08:31:57.876,mem,227442222.0
2021-11-03 08:31:59.233,cpu,-17.96
2021-11-03 08:31:59.233,mem,227435544.0
2021-11-03 08:32:00.590,mem,227427181.0
2021-11-03 08:32:00.590,cpu,-19.11
2021-11-03 08:32:01.947,mem,227414354.0
2021-11-03 08:32:01.947,cpu,-17.6
2021-11-03 08:32:03.304,cpu,-17.8
2021-11-03 08:32:03.304,mem,227406451.0
2021-11-03 08:32:04.661,cpu,-17.28
2021-11-03 08:32:04.661,mem,227391524.0
2021-11-03 08:32:06.018,mem,227424921.0
2021-11-03 08:32:06.018,cpu,-19.28
2021-11-03 08:32:07.375,mem,227427362.0
2021-11-03 08:32:07.375,cpu,-19.25
2021-11-03 08:32:08.732,cpu,-17.24
2021-11-03 08:32:08.732,mem,227425992.0
2021-11-03 08:32:10.089,cpu,-16.1
2021-11-03 08:32:10.089,mem,227420881.0
2021-11-03 08:32:11.446,mem,227414518.0
2021-11-03 08:32:11.446,cpu,-15.98
2021-11-03 08:32:12.803,mem,227403048.0
2021-11-03 08:32:12.803,cpu,-15.07
2021-11-03 08:32:14.160,mem,227411624.0
2021-11-03 08:32:14.160,cpu,-15.64
2021-11-03 08:32:15.517,cpu,-14.09
2021-11-03 08:32:15.517,mem,227402937.0
2021-11-03 08:32:16.874,mem,227421638.0
2021-11-03 08:32:16.874,cpu,-13.03
2021-11-03 08:32:18.231,mem,227422508.0
2021-11-03 08:32:18.231,cpu,-13.83
2021-11-03 08:32:19.588,mem,227437304.0
2021-11-03 08:32:19.588,cpu,-13.69
2021-11-03 08:32:20.945,mem,227439358.0
2021-11-03 08:32:20.945,cpu,-13.61
2021-11-03 08:32:22.302,mem,227439400.0
2021-11-03 08:32:22.302,cpu,-12.86
2021-11-03 08:32:23.659,mem,227449527.0
2021-11-03 08:32:23.659,cpu,-11.49
2021-11-03 08:32:25.016,mem,227464654.0
2021-11-03 08:32:25.016,cpu,-11.62
2021-11-03 08:32:26.373,cpu,-9.25
2021-11-03 08:32:26.373,mem,227431864.0
2021-11-03 08:32:27.730,cpu,-10.02
2021-11-03 08:32:27.730,mem,227443763.0
2021-11-03 08:32:29.087,cpu,-10.9
2021-11-03 08:32:29.087,mem,227440367.0
2021-11-03 08:32:30.444,cpu,-9.02
2021-11-03 08:32:30.444,mem,227448809.0
2021-11-03 08:32:31.801,cpu,-8.97
2021-11-03 08:32:31.801,mem,227446465.0
2021-11-03 08:32:33.158,cpu,-9.16
2021-11-03 08:32:33.158,mem,227456917.0
2021-11-03 08:32:34.515,cpu,-6.84
2021-11-03 08:32:34.515,mem,227449624.0
2021-11-03 08:32:35.872,mem,227452762.0
2021-11-03 08:32:35.872,cpu,-7.25
2021-11-03 08:32:37.229,cpu,-6.91
2021-11-03 08:32:37.229,mem,227462567.0
2021-11-03 08:32:38.586,mem,227476093.0
2021-11-03 08:32:38.586,cpu,-4.9
2021-11-03 08:32:39.943,mem,227476173.0
2021-11-03 08:32:39.943,cpu,-4.64
2021-11-03 08:32:41.300,cpu,-3.8
2021-11-03 08:32:41.300,mem,227468071.0
2021-11-03 08:32:42.657,mem,227458497.0
2021-11-03 08:32:42.657,cpu,-5.48
2021-11-03 08:32:44.014,mem,227445873.0
2021-11-03 08:32:44.014,cpu,-7.12
2021-11-03 08:32:45.371,mem,227455538.0
2021-11-03 08:32:45.371,cpu,-7.65
2021-11-03 08:32:46.728,mem,227457520.0
2021-11-03 08:32:46.728,cpu,-8.87
2021-11-03 08:32:48.085,cpu,-8.99
2021-11-03 08:32:48.085,mem,227445380.0
2021-11-03 08:32:49.442,mem,227462455.0
2021-11-03 08:32:49.442,cpu,-9.67
2021-11-03 08:32:50.799,mem,227477261.0
2021-11-03 08:32:50.799,cpu,-11.86
2021-11-03 08:32:52.156,cpu,-11.23
2021-11-03 08:32:52.156,mem,227487037.0
2021-11-03 08:32:53.513,cpu,-12.57
2021-11-03 08:32:53.513,mem,227500295.0
2021-11-03 08:32:54.870,mem,227490779.0
2021-11-03 08:32:54.870,cpu,-11.42
2021-11-03 08:32:56.227,cpu,-12.43
2021-11-03 08:32:56.227,mem,227500303.0
2021-11-03 08:32:57.584,cpu,-14.44
2021-11-03 08:32:57.584,mem,227502719.0
2021-11-03 08:32:58.941,cpu,-13.64
2021-11-03 08:32:58.941,mem,227497986.0
2021-11-03 08:33:00.298,mem,227492322.0
2021-11-03 08:33:00.298,cpu,-14.42
2021-11-03 08:33:01.655,cpu,-13.29
2021-11-03 08:33:01.655,mem,227494225.0
2021-11-03 08:33:03.012,cpu,-13.32
2021-11-03 08:33:03.012,mem,227479948.0
2021-11-03 08:33:04.369,mem,227468334.0
2021-11-03 08:33:04.369,cpu,-14.81
2021-11-03 08:33:05.726,cpu,-14.98
2021-11-03 08:33:05.726,mem,227472246.0
2021-11-03 08:33:07.083,cpu,-15.35
2021-11-03 08:33:07.083,mem,227478667.0
2021-11-03 08:33:08.440,cpu,-14.46
2021-11-03 08:33:08.440,mem,227489360.0
2021-11-03 08:33:09.797,cpu,-15.17
2021-11-03 08:33:09.797,mem,227478246.0
2021-11-03 08:33:11.154,cpu,-13.24
2021-11-03 08:33:11.154,mem,227485816.0
2021-11-03 08:33:12.511,mem,227492204.0
2021-11-03 08:33:12.511,cpu,-12.51
2021-11-03 08:33:13.868,mem,227504758.0
2021-11-03 08:33:13.868,cpu,-12.36
2021-11-03 08:33:15.225,cpu,-12.75
2021-11-03 08:33:15.225,mem,227489817.0
2021-11-03 08:33:16.582,cpu,-10.97
2021-11-03 08:33:16.582,mem,227497654.0
2021-11-03 08:33:17.939,cpu,-10.16
2021-11-03 08:33:17.939,mem,227495760.0
2021-11-03 08:33:19.296,cpu,-9.87
2021-11-03 08:33:19.296,mem,227490653.0
2021-11-03 08:33:20.653,mem,227482275.0
2021-11-03 08:33:20.653,cpu,-8.36
2021-11-03 08:33:22.010,mem,227500308.0
2021-11-03 08:33:22.010,cpu,-8.93
2021-11-03 08:33:23.367,mem,227494712.0
2021-11-03 08:33:23.367,cpu,-9.29
2021-11-03 08:33:24.724,cpu,-9.71
2021-11-03 08:33:24.724,mem,227514407.0
2021-11-03 08:33:26.081,mem,227527353.0
2021-11-03 08:33:26.081,cpu,-9.24
2021-11-03 08:33:27.438,mem,227540340.0
2021-11-03 08:33:27.438,cpu,-10.27
2021-11-03 08:33:28.795,cpu,-12.51
2021-11-03 08:33:28.795,mem,227537188.0
2021-11-03 08:33:30.152,cpu,-12.66
2021-11-03 08:33:30.152,mem,227527307.0
2021-11-03 08:33:31.509,mem,227536859.0
2021-11-03 08:33:31.509,cpu,-13.66
2021-11-03 08:33:32.866,cpu,-13.87
2021-11-03 08:33:32.866,mem,227546804.0
2021-11-03 08:33:34.223,mem,227538707.0
2021-11-03 08:33:34.223,cpu,-13.38
2021-11-03 08:33:35.580,mem,227546163.0
2021-11-03 08:33:35.580,cpu,-13.69
2021-11-03 08:33:36.937,cpu,-13.5
2021-11-03 08:33:36.937,mem,227532611.0
2021-11-03 08:33:38.294,cpu,-13.46
2021-11-03 08:33:38.294,mem,227522054.0
2021-11-03 08:33:39.651,cpu,-13.6
2021-11-03 08:33:39.651,mem,227518834.0
2021-11-03 08:33:41.008,mem,227518625.0
2021-11-03 08:33:41.008,cpu,-13.53
2021-11-03 08:33:42.365,cpu,-12.32
2021-11-03 08:33:42.365,mem,227517195.0
2021-11-03 08:33:43.722,cpu,-12.76
2021-11-03 08:33:43.722,mem,227542272.0
2021-11-03 08:33:45.079,cpu,-11.64
2021-11-03 08:33:45.079,mem,227525459.0
2021-11-03 08:33:46.436,cpu,-12.51
2021-11-03 08:33:46.436,mem,227522335.0
2021-11-03 08:33:47.793,cpu,-12.38
2021-11-03 08:33:47.793,mem,227523479.0
2021-11-03 08:33:49.150,mem,227519517.0
2021-11-03 08:33:49.150,cpu,-11.82
2021-11-03 08:33:50.507,cpu,-12.55
2021-11-03 08:33:50.507,mem,227521427.0
2021-11-03 08:33:51.864,mem,227532980.0
2021-11-03 08:33:51.864,cpu,-11.88
2021-11-03 08:33:53.221,cpu,-12.91
2021-11-03 08:33:53.221,mem,227532754.0
2021-11-03 08:33:54.578,mem,227523344.0
2021-11-03 08:33:54.578,cpu,-13.84
2021-11-03 08:33:55.935,cpu,-14.84
2021-11-03 08:33:55.935,mem,227525808.0
2021-11-03 08:33:57.292,cpu,-15.27
2021-11-03 08:33:57.292,mem,227524532.0
2021-11-03 08:33:58.649,cpu,-15.74
2021-11-03 08:33:58.649,mem,227533870.0
2021-11-03 08:34:00.006,mem,227546576.0
2021-11-03 08:34:00.006,cpu,-14.94
2021-11-03 08:34:01.363,mem,227556953.0
2021-11-03 08:34:01.363,cpu,-14.84
2021-11-03 08:34:02.720,cpu,-15.33
2021-11-03 08:34:02.720,mem,227538422.0
2021-11-03 08:34:04.077,mem,227529634.0
2021-11-03 08:34:04.077,cpu,-14.97
2021-11-03 08:34:05.434,cpu,-13.56
2021-11-03 08:34:05.434,mem,227519858.0
2021-11-03 08:34:06.791,mem,227523908.0
2021-11-03 08:34:06.791,cpu,-13.66
2021-11-03 08:34:08.148,mem,227520201.0
2021-11-03 08:34:08.148,cpu,-11.95
2021-11-03 08:34:09.505,mem,227531411.0
2021-11-03 08:34:09.505,cpu,-11.86
2021-11-03 08:34:10.862,cpu,-12.33
2021-11-03 08:34:10.862,mem,227532615.0
2021-11-03 08:34:12.219,cpu,-12.0
2021-11-03 08:34:12.219,mem,227521569.0
2021-11-03 08:34:13.576,mem,227514695.0
2021-11-03 08:34:13.576,cpu,-10.15
2021-11-03 08:34:14.933,cpu,-10.84
2021-11-03 08:34:14.933,mem,227524570.0
2021-11-03 08:34:16.290,mem,227535664.0
2021-11-03 08:34:16.290,cpu,-11.58
2021-11-03 08:34:17.647,cpu,-12.18
2021-11-03 08:34:17.647,mem,227547035.0
2021-11-03 08:34:19.004,mem,227553263.0
2021-11-03 08:34:19.004,cpu,-11.84
2021-11-03 08:34:20.361,cpu,-12.66
2021-11-03 08:34:20.361,mem,227554561.0
2021-11-03 08:34:21.718,cpu,-12.48
2021-11-03 08:34:21.718,mem,227539101.0
2021-11-03 08:34:23.075,cpu,-11.11
2021-11-03 08:34:23.075,mem,227542906.0
2021-11-03 08:34:24.432,mem,227567848.0
2021-11-03 08:34:24.432,cpu,-10.51
2021-11-03 08:34:25.789,mem,227560571.0
2021-11-03 08:34:25.789,cpu,-9.66
2021-11-03 08:34:27.146,mem,227549927.0
2021-11-03 08:34:27.146,cpu,-8.61
2021-11-03 08:34:28.503,cpu,-6.76
2021-11-03 08:34:28.503,mem,227536312.0
2021-11-03 08:34:29.860,mem,227545083.0
2021-11-03 08:34:29.860,cpu,-5.63
2021-11-03 08:34:31.217,mem,227545972.0
2021-11-03 08:34:31.217,cpu,-5.55
2021-11-03 08:34:32.574,cpu,-6.3
2021-11-03 08:34:32.574,mem,227543926.0
2021-11-03 08:34:33.931,mem,227532030.0
2021-11-03 08:34:33.931,cpu,-5.35
2021-11-03 08:34:35.288,mem,227512293.0
2021-11-03 08:34:35.288,cpu,-5.52
2021-11-03 08:34:36.645,mem,227510547.0
2021-11-03 08:34:36.645,cpu,-5.87
2021-11-03 08:34:38.002,mem,227503705.0
2021-11-03 08:34:38.002,cpu,-4.75
2021-11-03 08:34:39.359,cpu,-3.93
2021-11-03 08:34:39.359,mem,227511123.0
2021-11-03 08:34:40.716,cpu,-5.17
2021-11-03 08:34:40.716,mem,227487572.0
2021-11-03 08:34:42.073,cpu,-7.02
2021-11-03 08:34:42.073,mem,227490377.0
2021-11-03 08:34:43.430,mem,227486011.0
2021-11-03 08:34:43.430,cpu,-6.88
2021-11-03 08:34:44.787,mem,227468262.0
2021-11-03 08:34:44.787,cpu,-6.0
2021-11-03 08:34:46.144,mem,227473586.0
2021-11-03 08:34:46.144,cpu,-5.97
2021-11-03 08:34:47.501,mem,227470110.0
2021-11-03 08:34:47.501,cpu,-6.19
2021-11-03 08:34:48.858,cpu,-6.54
2021-11-03 08:34:48.858,mem,227472771.0
2021-11-03 08:34:50.215,cpu,-7.29
2021-11-03 08:34:50.215,mem,227460135.0
2021-11-03 08:34:51.572,mem,227462418.0
2021-11-03 08:34:51.572,cpu,-6.69
2021-11-03 08:34:52.929,mem,227446106.0
2021-11-03 08:34:52.929,cpu,-6.66
2021-11-03 08:34:54.286,mem,227455725.0
2021-11-03 08:34:54.286,cpu,-8.32
2021-11-03 08:34:55.643,mem,227426327.0
2021-11-03 08:34:55.643,cpu,-9.05
2021-11-03 08:34:57.000,cpu,-8.59
2021-11-03 08:34:57.000,mem,227432880.0
2021-11-03 08:34:58.357,mem,227435302.0
2021-11-03 08:34:58.357,cpu,-7.03
2021-11-03 08:34:59.714,mem,227428077.0
2021-11-03 08:34:59.714,cpu,-6.87
2021-11-03 08:35:01.071,mem,227422007.0
2021-11-03 08:35:01.071,cpu,-7.58
2021-11-03 08:35:02.428,cpu,-9.22
2021-11-03 08:35:02.428,mem,227432648.0
2021-11-03 08:35:03.785,cpu,-8.26
2021-11-03 08:35:03.785,mem,227429656.0
2021-11-03 08:35:05.142,cpu,-7.37
2021-11-03 08:35:05.142,mem,227417676.0
2021-11-03 08:35:06.499,mem,227405386.0
2021-11-03 08:35:06.499,cpu,-8.3
2021-11-03 08:35:07.856,cpu,-7.07
2021-11-03 08:35:07.856,mem,227410657.0
2021-11-03 08:35:09.213,mem,227401000.0
2021-11-03 08:35:09.213,cpu,-7.25
2021-11-03 08:35:10.570,cpu,-7.51
2021-11-03 08:35:10.570,mem,227389425.0
2021-11-03 08:35:11.927,cpu,-7.87
2021-11-03 08:35:11.927,mem,227395635.0
2021-11-03 08:35:13.284,mem,227397613.0
2021-11-03 08:35:13.284,cpu,-6.61
2021-11-03 08:35:14.641,cpu,-7.02
2021-11-03 08:35:14.641,mem,227400414.0
2021-11-03 08:35:15.998,cpu,-7.83
2021-11-03 08:35:15.998,mem,227415470.0
2021-11-03 08:35:17.355,cpu,-7.21
2021-11-03 08:35:17.355,mem,227419693.0
2021-11-03 08:35:18.712,cpu,-6.46
2021-11-03 08:35:18.712,mem,227430883.0
2021-11-03 08:35:20.069,cpu,-7.62
2021-11-03 08:35:20.069,mem,227439512.0
2021-11-03 08:35:21.426,mem,227444837.0
2021-11-03 08:35:21.426,cpu,-8.81
2021-11-03 08:35:22.783,mem,227447180.0
2021-11-03 08:35:22.783,cpu,-8.0
2021-11-03 08:35:24.140,cpu,-7.97
2021-11-03 08:35:24.140,mem,227459895.0
2021-11-03 08:35:25.497,mem,227470754.0
2021-11-03 08:35:25.497,cpu,-6.85
2021-11-03 08:35:26.854,mem,227458310.0
2021-11-03 08:35:26.854,cpu,-6.09
2021-11-03 08:35:28.211,mem,227449053.0
2021-11-03 08:35:28.211,cpu,-7.3
2021-11-03 08:35:29.568,mem,227447586.0
2021-11-03 08:35:29.568,cpu,-6.65
2021-11-03 08:35:30.925,cpu,-5.94
2021-11-03 08:35:30.925,mem,227431585.0
2021-11-03 08:35:32.282,cpu,-7.32
2021-11-03 08:35:32.282,mem,227419014.0
2021-11-03 08:35:33.639,cpu,-7.94
2021-11-03 08:35:33.639,mem,227419973.0
2021-11-03 08:35:34.996,cpu,-10.49
2021-11-03 08:35:34.996,mem,227427582.0
2021-11-03 08:35:36.353,mem,227419031.0
2021-11-03 08:35:36.353,cpu,-12.51
2021-11-03 08:35:37.710,mem,227399372.0
2021-11-03 08:35:37.710,cpu,-12.97
2021-11-03 08:35:39.067,cpu,-13.9
2021-11-03 08:35:39.067,mem,227392912.0
2021-11-03 08:35:40.424,cpu,-12.63
2021-11-03 08:35:40.424,mem,227406425.0
2021-11-03 08:35:41.781,cpu,-12.1
2021-11-03 08:35:41.781,mem,227409585.0
2021-11-03 08:35:43.138,cpu,-12.29
2021-11-03 08:35:43.138,mem,227425948.0
2021-11-03 08:35:44.495,cpu,-13.39
2021-11-03 08:35:44.495,mem,227423949.0
2021-11-03 08:35:45.852,mem,227409486.0
2021-11-03 08:35:45.852,cpu,-13.46
2021-11-03 08:35:47.209,mem,227418438.0
2021-11-03 08:35:47.209,cpu,-12.99
2021-11-03 08:35:48.566,mem,227424055.0
2021-11-03 08:35:48.566,cpu,-13.98
2021-11-03 08:35:49.923,cpu,-14.45
2021-11-03 08:35:49.923,mem,227415694.0
2021-11-03 08:35:51.280,cpu,-14.82
2021-11-03 08:35:51.280,mem,227400458.0
2021-11-03 08:35:52.637,cpu,-14.99
2021-11-03 08:35:52.637,mem,227400672.0
2021-11-03 08:35:53.994,mem,227382360.0
2021-11-03 08:35:53.994,cpu,-16.34
2021-11-03 08:35:55.351,mem,227391441.0
2021-11-03 08:35:55.351,cpu,-17.04
2021-11-03 08:35:56.708,cpu,-18.18
2021-11-03 08:35:56.708,mem,227372393.0
2021-11-03 08:35:58.065,mem,227364092.0
2021-11-03 08:35:58.065,cpu,-18.24
2021-11-03 08:35:59.422,cpu,-19.14
2021-11-03 08:35:59.422,mem,227368518.0
2021-11-03 08:36:00.779,cpu,-18.88
2021-11-03 08:36:00.779,mem,227382799.0
2021-11-03 08:36:02.136,cpu,-19.6
2021-11-03 08:36:02.136,mem,227370486.0
2021-11-03 08:36:03.493,mem,227367040.0
2021-11-03 08:36:03.493,cpu,-19.62
2021-11-03 08:36:04.850,mem,227368160.0
2021-11-03 08:36:04.850,cpu,-19.69
2021-11-03 08:36:06.207,mem,227374678.0
2021-11-03 08:36:06.207,cpu,-19.95
2021-11-03 08:36:07.564,cpu,-20.16
2021-11-03 08:36:07.564,mem,227372032.0
2021-11-03 08:36:08.921,mem,227368976.0
2021-11-03 08:36:08.921,cpu,-21.33
2021-11-03 08:36:10.278,cpu,-22.11
2021-11-03 08:36:10.278,mem,227358876.0
2021-11-03 08:36:11.635,cpu,-20.9
2021-11-03 08:36:11.635,mem,227363646.0
2021-11-03 08:36:12.992,cpu,-21.0
2021-11-03 08:36:12.992,mem,227367758.0
2021-11-03 08:36:14.349,mem,227379495.0
2021-11-03 08:36:14.349,cpu,-20.35
2021-11-03 08:36:15.706,mem,227389568.0
2021-11-03 08:36:15.706,cpu,-20.12
2021-11-03 08:36:17.063,mem,227395432.0
2021-11-03 08:36:17.063,cpu,-21.55
2021-11-03 08:36:18.420,mem,227417321.0
2021-11-03 08:36:18.420,cpu,-19.95
2021-11-03 08:36:19.777,mem,227411439.0
2021-11-03 08:36:19.777,cpu,-20.77
2021-11-03 08:36:21.134,mem,227404187.0
2021-11-03 08:36:21.134,cpu,-19.49
2021-11-03 08:36:22.491,cpu,-21.02
2021-11-03 08:36:22.491,mem,227402838.0
2021-11-03 08:36:23.848,mem,227415720.0
2021-11-03 08:36:23.848,cpu,-20.2
2021-11-03 08:36:25.205,mem,227416102.0
2021-11-03 08:36:25.205,cpu,-19.04
2021-11-03 08:36:26.562,mem,227407047.0
2021-11-03 08:36:26.562,cpu,-19.38
2021-11-03 08:36:27.919,cpu,-19.6
2021-11-03 08:36:27.919,mem,227410079.0
2021-11-03 08:36:29.276,mem,227406672.0
2021-11-03 08:36:29.276,cpu,-18.95
2021-11-03 08:36:30.633,cpu,-19.65
2021-11-03 08:36:30.633,mem,227376680.0
2021-11-03 08:36:31.990,cpu,-18.43
2021-11-03 08:36:31.990,mem,227380950.0
2021-11-03 08:36:33.347,cpu,-18.35
2021-11-03 08:36:33.347,mem,227382022.0
2021-11-03 08:36:34.704,mem,227371553.0
2021-11-03 08:36:34.704,cpu,-16.66
2021-11-03 08:36:36.061,mem,227386080.0
2021-11-03 08:36:36.061,cpu,-18.0
2021-11-03 08:36:37.418,cpu,-16.47
2021-11-03 08:36:37.418,mem,227358337.0
2021-11-03 08:36:38.775,mem,227352260.0
2021-11-03 08:36:38.775,cpu,-17.75
2021-11-03 08:36:40.132,cpu,-19.23
2021-11-03 08:36:40.132,mem,227365295.0
2021-11-03 08:36:41.489,cpu,-17.96
2021-11-03 08:36:41.489,mem,227364105.0
2021-11-03 08:36:42.846,cpu,-17.61
2021-11-03 08:36:42.846,mem,227360761.0
2021-11-03 08:36:44.203,cpu,-18.37
2021-11-03 08:36:44.203,mem,227369347.0
2021-11-03 08:36:45.560,cpu,-19.6
2021-11-03 08:36:45.560,mem,227380230.0
2021-11-03 08:36:46.917,cpu,-20.48
2021-11-03 08:36:46.917,mem,227387422.0
2021-11-03 08:36:48.274,mem,227363837.0
2021-11-03 08:36:48.274,cpu,-19.01
2021-11-03 08:36:49.631,cpu,-18.77
2021-11-03 08:36:49.631,mem,227354248.0
2021-11-03 08:36:50.988,mem,227367535.0
2021-11-03 08:36:50.988,cpu,-17.47
2021-11-03 08:36:52.345,mem,227365919.0
2021-11-03 08:36:52.345,cpu,-17.75
2021-11-03 08:36:53.702,cpu,-18.07
2021-11-03 08:36:53.702,mem,227346062.0
2021-11-03 08:36:55.059,mem,227349977.0
2021-11-03 08:36:55.059,cpu,-17.38
2021-11-03 08:36:56.416,mem,227357146.0
2021-11-03 08:36:56.416,cpu,-16.36
2021-11-03 08:36:57.773,cpu,-16.38
2021-11-03 08:36:57.773,mem,227368490.0
2021-11-03 08:36:59.130,mem,227371947.0
2021-11-03 08:36:59.130,cpu,-15.71
2021-11-03 08:37:00.487,cpu,-15.87
2021-11-03 08:37:00.487,mem,227387246.0
2021-11-03 08:37:01.844,mem,227401604.0
2021-11-03 08:37:01.844,cpu,-16.52
2021-11-03 08:37:03.201,cpu,-15.44
2021-11-03 08:37:03.201,mem,227387615.0
2021-11-03 08:37:04.558,mem,227385235.0
2021-11-03 08:37:04.558,cpu,-16.91
2021-11-03 08:37:05.915,mem,227375477.0
2021-11-03 08:37:05.915,cpu,-16.7
2021-11-03 08:37:07.272,mem,227373334.0
2021-11-03 08:37:07.272,cpu,-16.14
2021-11-03 08:37:08.629,mem,227372267.0
2021-11-03 08:37:08.629,cpu,-16.2
2021-11-03 08:37:09.986,mem,227378426.0
2021-11-03 08:37:09.986,cpu,-15.94
2021-11-03 08:37:11.343,cpu,-15.63
2021-11-03 08:37:11.343,mem,227363000.0
2021-11-03 08:37:12.700,mem,227353675.0
2021-11-03 08:37:12.700,cpu,-15.58
2021-11-03 08:37:14.057,cpu,-16.66
2021-11-03 08:37:14.057,mem,227355824.0
2021-11-03 08:37:15.414,cpu,-18.12
2021-11-03 08:37:15.414,mem,227364674.0
2021-11-03 08:37:16.771,cpu,-16.33
2021-11-03 08:37:16.771,mem,227366923.0
2021-11-03 08:37:18.128,mem,227366888.0
2021-11-03 08:37:18.128,cpu,-16.68
2021-11-03 08:37:19.485,mem,227369411.0
2021-11-03 08:37:19.485,cpu,-17.78
2021-11-03 08:37:20.842,mem,227360275.0
2021-11-03 08:37:20.842,cpu,-18.91
2021-11-03 08:37:22.199,cpu,-19.75
2021-11-03 08:37:22.199,mem,227361735.0
2021-11-03 08:37:23.556,mem,227373740.0
2021-11-03 08:37:23.556,cpu,-22.09
2021-11-03 08:37:24.913,mem,227372533.0
2021-11-03 08:37:24.913,cpu,-20.81
2021-11-03 08:37:26.270,cpu,-20.78
2021-11-03 08:37:26.270,mem,227392080.0
2021-11-03 08:37:27.627,mem,227382882.0
2021-11-03 08:37:27.627,cpu,-20.53
2021-11-03 08:37:28.984,mem,227388794.0
2021-11-03 08:37:28.984,cpu,-18.22
2021-11-03 08:37:30.341,mem,227381250.0
2021-11-03 08:37:30.341,cpu,-18.71
2021-11-03 08:37:31.698,mem,227389302.0
2021-11-03 08:37:31.698,cpu,-17.98
2021-11-03 08:37:33.055,cpu,-15.94
2021-11-03 08:37:33.055,mem,227400762.0
2021-11-03 08:37:34.412,cpu,-16.22
2021-11-03 08:37:34.412,mem,227399169.0
2021-11-03 08:37:35.769,cpu,-17.74
2021-11-03 08:37:35.769,mem,227408947.0
2021-11-03 08:37:37.126,mem,227412322.0
2021-11-03 08:37:37.126,cpu,-19.4
2021-11-03 08:37:38.483,mem,227416932.0
2021-11-03 08:37:38.483,cpu,-19.68
2021-11-03 08:37:39.840,mem,227415920.0
2021-11-03 08:37:39.840,cpu,-18.42
2021-11-03 08:37:41.197,mem,227426333.0
2021-11-03 08:37:41.197,cpu,-17.98
2021-11-03 08:37:42.554,cpu,-17.9
2021-11-03 08:37:42.554,mem,227420586.0
2021-11-03 08:37:43.911,cpu,-19.68
2021-11-03 08:37:43.911,mem,227432473.0
2021-11-03 08:37:45.268,cpu,-19.49
2021-11-03 08:37:45.268,mem,227436026.0
2021-11-03 08:37:46.625,mem,227428531.0
2021-11-03 08:37:46.625,cpu,-19.89
2021-11-03 08:37:47.982,mem,227401496.0
2021-11-03 08:37:47.982,cpu,-20.22
2021-11-03 08:37:49.339,mem,227392746.0
2021-11-03 08:37:49.339,cpu,-21.19
2021-11-03 08:37:50.696,cpu,-20.65
2021-11-03 08:37:50.696,mem,227392503.0
2021-11-03 08:37:52.053,cpu,-21.24
2021-11-03 08:37:52.053,mem,227396575.0
2021-11-03 08:37:53.410,cpu,-21.94
2021-11-03 08:37:53.410,mem,227394361.0
2021-11-03 08:37:54.767,cpu,-22.5
2021-11-03 08:37:54.767,mem,227408838.0
2021-11-03 08:37:56.124,cpu,-22.21
2021-11-03 08:37:56.124,mem,227413869.0
2021-11-03 08:37:57.481,mem,227405841.0
2021-11-03 08:37:57.481,cpu,-22.07
2021-11-03 08:37:58.838,mem,227402598.0
2021-11-03 08:37:58.838,cpu,-22.32
2021-11-03 08:38:00.195,cpu,-23.6
2021-11-03 08:38:00.195,mem,227408771.0
2021-11-03 08:38:01.552,mem,227409977.0
2021-11-03 08:38:01.552,cpu,-23.89
2021-11-03 08:38:02.909,cpu,-23.26
2021-11-03 08:38:02.909,mem,227402018.0
2021-11-03 08:38:04.266,cpu,-22.83
2021-11-03 08:38:04.266,mem,227402953.0
2021-11-03 08:38:05.623,cpu,-23.24
2021-11-03 08:38:05.623,mem,227401102.0
2021-11-03 08:38:06.980,mem,227395357.0
2021-11-03 08:38:06.980,cpu,-22.67
2021-11-03 08:38:08.337,cpu,-24.12
2021-11-03 08:38:08.337,mem,227367907.0
2021-11-03 08:38:09.694,mem,227378726.0
2021-11-03 08:38:09.694,cpu,-23.98
2021-11-03 08:38:11.051,mem,227389007.0
2021-11-03 08:38:11.051,cpu,-22.3
2021-11-03 08:38:12.408,cpu,-21.83
2021-11-03 08:38:12.408,mem,227372369.0
2021-11-03 08:38:13.765,cpu,-21.06
2021-11-03 08:38:13.765,mem,227364834.0
2021-11-03 08:38:15.122,mem,227374916.0
2021-11-03 08:38:15.122,cpu,-18.36
2021-11-03 08:38:16.479,cpu,-18.4
2021-11-03 08:38:16.479,mem,227404903.0
2021-11-03 08:38:17.836,mem,227425492.0
2021-11-03 08:38:17.836,cpu,-16.58
2021-11-03 08:38:19.193,mem,227422444.0
2021-11-03 08:38:19.193,cpu,-17.9
2021-11-03 08:38:20.550,mem,227432874.0
2021-11-03 08:38:20.550,cpu,-18.99
2021-11-03 08:38:21.907,mem,227431763.0
2021-11-03 08:38:21.907,cpu,-19.71
2021-11-03 08:38:23.264,mem,227445082.0
2021-11-03 08:38:23.264,cpu,-18.56
2021-11-03 08:38:24.621,mem,227435928.0
2021-11-03 08:38:24.621,cpu,-16.91
2021-11-03 08:38:25.978,cpu,-16.05
2021-11-03 08:38:25.978,mem,227436165.0
2021-11-03 08:38:27.335,cpu,-15.11
2021-11-03 08:38:27.335,mem,227441068.0
2021-11-03 08:38:28.692,mem,227450661.0
2021-11-03 08:38:28.692,cpu,-16.44
2021-11-03 08:38:30.049,cpu,-16.07
2021-11-03 08:38:30.049,mem,227461329.0
2021-11-03 08:38:31.406,mem,227457106.0
2021-11-03 08:38:31.406,cpu,-16.2
2021-11-03 08:38:32.763,mem,227468639.0
2021-11-03 08:38:32.763,cpu,-17.42
2021-11-03 08:38:34.120,mem,227457705.0
2021-11-03 08:38:34.120,cpu,-15.85
2021-11-03 08:38:35.477,mem,227468709.0
2021-11-03 08:38:35.477,cpu,-15.34
2021-11-03 08:38:36.834,mem,227484906.0
2021-11-03 08:38:36.834,cpu,-15.61
2021-11-03 08:38:38.191,cpu,-17.4
2021-11-03 08:38:38.191,mem,227469354.0
2021-11-03 08:38:39.548,mem,227467822.0
2021-11-03 08:38:39.548,cpu,-16.67
2021-11-03 08:38:40.905,cpu,-16.8
2021-11-03 08:38:40.905,mem,227448798.0
2021-11-03 08:38:42.262,cpu,-15.4
2021-11-03 08:38:42.262,mem,227426921.0
2021-11-03 08:38:43.619,cpu,-17.06
2021-11-03 08:38:43.619,mem,227427843.0
2021-11-03 08:38:44.976,mem,227428595.0
2021-11-03 08:38:44.976,cpu,-17.16
2021-11-03 08:38:46.333,mem,227436300.0
2021-11-03 08:38:46.333,cpu,-15.6
2021-11-03 08:38:47.690,mem,227447824.0
2021-11-03 08:38:47.690,cpu,-16.99
2021-11-03 08:38:49.047,cpu,-18.98
2021-11-03 08:38:49.047,mem,227436835.0
2021-11-03 08:38:50.404,cpu,-19.23
2021-11-03 08:38:50.404,mem,227441046.0
2021-11-03 08:38:51.761,mem,227429944.0
2021-11-03 08:38:51.761,cpu,-18.77
2021-11-03 08:38:53.118,cpu,-18.14
2021-11-03 08:38:53.118,mem,227432555.0
2021-11-03 08:38:54.475,mem,227439090.0
2021-11-03 08:38:54.475,cpu,-19.15
2021-11-03 08:38:55.832,mem,227443709.0
2021-11-03 08:38:55.832,cpu,-19.71
2021-11-03 08:38:57.189,mem,227439210.0
2021-11-03 08:38:57.189,cpu,-19.68
2021-11-03 08:38:58.546,mem,227444301.0
2021-11-03 08:38:58.546,cpu,-20.27
2021-11-03 08:38:59.903,cpu,-20.14
2021-11-03 08:38:59.903,mem,227446240.0
2021-11-03 08:39:01.260,cpu,-21.28
2021-11-03 08:39:01.260,mem,227450674.0
2021-11-03 08:39:02.617,mem,227433957.0
2021-11-03 08:39:02.617,cpu,-21.33
2021-11-03 08:39:03.974,cpu,-22.57
2021-11-03 08:39:03.974,mem,227447167.0
2021-11-03 08:39:05.331,mem,227449645.0
2021-11-03 08:39:05.331,cpu,-24.41
2021-11-03 08:39:06.688,mem,227459276.0
2021-11-03 08:39:06.688,cpu,-24.38
2021-11-03 08:39:08.045,mem,227471208.0
2021-11-03 08:39:08.045,cpu,-25.56
2021-11-03 08:39:09.402,cpu,-26.17
2021-11-03 08:39:09.402,mem,227459110.0
2021-11-03 08:39:10.759,cpu,-25.75
2021-11-03 08:39:10.759,mem,227453188.0
2021-11-03 08:39:12.116,cpu,-26.92
2021-11-03 08:39:12.116,mem,227460755.0
2021-11-03 08:39:13.473,mem,227448006.0
2021-11-03 08:39:13.473,cpu,-25.43
2021-11-03 08:39:14.830,mem,227459623.0
2021-11-03 08:39:14.830,cpu,-25.99
2021-11-03 08:39:16.187,cpu,-25.22
2021-11-03 08:39:16.187,mem,227471611.0
2021-11-03 08:39:17.544,mem,227483350.0
2021-11-03 08:39:17.544,cpu,-25.57
2021-11-03 08:39:18.901,mem,227471703.0
2021-11-03 08:39:18.901,cpu,-25.28
2021-11-03 08:39:20.258,mem,227456205.0
2021-11-03 08:39:20.258,cpu,-23.34
2021-11-03 08:39:21.615,cpu,-25.93
2021-11-03 08:39:21.615,mem,227446212.0
2021-11-03 08:39:22.972,mem,227458594.0
2021-11-03 08:39:22.972,cpu,-26.7
2021-11-03 08:39:24.329,cpu,-26.46
2021-11-03 08:39:24.329,mem,227456080.0
2021-11-03 08:39:25.686,cpu,-28.24
2021-11-03 08:39:25.686,mem,227455166.0
2021-11-03 08:39:27.043,cpu,-27.96
2021-11-03 08:39:27.043,mem,227441142.0
2021-11-03 08:39:28.400,mem,227431628.0
2021-11-03 08:39:28.400,cpu,-27.98
2021-11-03 08:39:29.757,mem,227444647.0
2021-11-03 08:39:29.757,cpu,-28.9
2021-11-03 08:39:31.114,mem,227439227.0
2021-11-03 08:39:31.114,cpu,-29.37
2021-11-03 08:39:32.471,cpu,-27.86
2021-11-03 08:39:32.471,mem,227450026.0
2021-11-03 08:39:33.828,mem,227436831.0
2021-11-03 08:39:33.828,cpu,-26.21
2021-11-03 08:39:35.185,cpu,-27.25
2021-11-03 08:39:35.185,mem,227421752.0
2021-11-03 08:39:36.542,mem,227420193.0
2021-11-03 08:39:36.542,cpu,-26.62
2021-11-03 08:39:37.899,cpu,-28.06
2021-11-03 08:39:37.899,mem,227414460.0
2021-11-03 08:39:39.256,mem,227427132.0
2021-11-03 08:39:39.256,cpu,-28.83
2021-11-03 08:39:40.613,cpu,-28.08
2021-11-03 08:39:40.613,mem,227421224.0
2021-11-03 08:39:41.970,cpu,-26.83
2021-11-03 08:39:41.970,mem,227419371.0
2021-11-03 08:39:43.327,cpu,-27.03
2021-11-03 08:39:43.327,mem,227421731.0
2021-11-03 08:39:44.684,mem,227426671.0
2021-11-03 08:39:44.684,cpu,-26.92
2021-11-03 08:39:46.041,cpu,-27.46
2021-11-03 08:39:46.041,mem,227418656.0
2021-11-03 08:39:47.398,cpu,-28.74
2021-11-03 08:39:47.398,mem,227434182.0
2021-11-03 08:39:48.755,cpu,-28.35
2021-11-03 08:39:48.755,mem,227438847.0
2021-11-03 08:39:50.112,mem,227437623.0
2021-11-03 08:39:50.112,cpu,-29.02
2021-11-03 08:39:51.469,cpu,-27.9
2021-11-03 08:39:51.469,mem,227444584.0
2021-11-03 08:39:52.826,cpu,-27.8
2021-11-03 08:39:52.826,mem,227439669.0
2021-11-03 08:39:54.183,cpu,-26.99
2021-11-03 08:39:54.183,mem,227441670.0
2021-11-03 08:39:55.540,cpu,-26.2
2021-11-03 08:39:55.540,mem,227436357.0
2021-11-03 08:39:56.897,cpu,-25.0
2021-11-03 08:39:56.897,mem,227425552.0
2021-11-03 08:39:58.254,cpu,-24.57
2021-11-03 08:39:58.254,mem,227419352.0
2021-11-03 08:39:59.611,cpu,-22.68
2021-11-03 08:39:59.611,mem,227407378.0
2021-11-03 08:40:00.968,mem,227409848.0
2021-11-03 08:40:00.968,cpu,-21.81
2021-11-03 08:40:02.325,cpu,-23.59
2021-11-03 08:40:02.325,mem,227428810.0
2021-11-03 08:40:03.682,cpu,-24.13
2021-11-03 08:40:03.682,mem,227434670.0
2021-11-03 08:40:05.039,cpu,-25.34
2021-11-03 08:40:05.039,mem,227433436.0
2021-11-03 08:40:06.396,cpu,-25.34
2021-11-03 08:40:06.396,mem,227424855.0
2021-11-03 08:40:07.753,mem,227431698.0
2021-11-03 08:40:07.753,cpu,-25.2
